-- phpMyAdmin SQL Dump
-- version 5.2.1
-- https://www.phpmyadmin.net/
--
-- Hôte : localhost
-- Généré le : ven. 24 mai 2024 à 15:25
-- Version du serveur : 10.4.28-MariaDB
-- Version de PHP : 8.2.4

SET SQL_MODE = "NO_AUTO_VALUE_ON_ZERO";
START TRANSACTION;
SET time_zone = "+00:00";


/*!40101 SET @OLD_CHARACTER_SET_CLIENT=@@CHARACTER_SET_CLIENT */;
/*!40101 SET @OLD_CHARACTER_SET_RESULTS=@@CHARACTER_SET_RESULTS */;
/*!40101 SET @OLD_COLLATION_CONNECTION=@@COLLATION_CONNECTION */;
/*!40101 SET NAMES utf8mb4 */;

--
-- Base de données : `bdd_drac`
--

-- --------------------------------------------------------

--
-- Structure de la table `CAPTEUR`
--

CREATE TABLE `CAPTEUR` (
  `ID_CAPTEUR` bigint(10) NOT NULL,
  `ID_TYPE_CAPTEUR` char(1) NOT NULL,
  `MESURE` varchar(20) NOT NULL,
  `TIME` timestamp NOT NULL DEFAULT current_timestamp() ON UPDATE current_timestamp()
) ENGINE=InnoDB DEFAULT CHARSET=utf8mb4 COLLATE=utf8mb4_general_ci;

--
-- Déchargement des données de la table `CAPTEUR`
--

INSERT INTO `CAPTEUR` (`ID_CAPTEUR`, `ID_TYPE_CAPTEUR`, `MESURE`, `TIME`) VALUES
(1, 'T', '23.2', '2024-05-23 12:31:24'),
(2, 'H', '54', '2024-05-23 12:31:24'),
(3, 'C', '662', '2024-05-23 12:31:24'),
(4, 'T', '23.2', '2024-05-23 12:33:36'),
(5, 'H', '54', '2024-05-23 12:33:36'),
(6, 'C', '688', '2024-05-23 12:33:36'),
(7, 'T', '23.2', '2024-05-23 12:35:48'),
(8, 'H', '54', '2024-05-23 12:35:48'),
(9, 'C', '717', '2024-05-23 12:35:48'),
(10, 'T', '23.3', '2024-05-23 12:40:12'),
(11, 'H', '54', '2024-05-23 12:40:12'),
(12, 'C', '715', '2024-05-23 12:40:12'),
(13, 'T', '23.3', '2024-05-23 12:42:24'),
(14, 'H', '53', '2024-05-23 12:42:24'),
(15, 'C', '689', '2024-05-23 12:42:24'),
(16, 'T', '23.4', '2024-05-23 12:44:36'),
(17, 'H', '53', '2024-05-23 12:44:36'),
(18, 'C', '683', '2024-05-23 12:44:36'),
(19, 'T', '23.4', '2024-05-23 12:46:48'),
(20, 'H', '53', '2024-05-23 12:46:48'),
(21, 'C', '695', '2024-05-23 12:46:48'),
(22, 'T', '23.7', '2024-05-23 12:49:00'),
(23, 'H', '52', '2024-05-23 12:49:00'),
(24, 'C', '658', '2024-05-23 12:49:00'),
(25, 'T', '24', '2024-05-23 12:51:12'),
(26, 'H', '52', '2024-05-23 12:51:12'),
(27, 'C', '662', '2024-05-23 12:51:12'),
(28, 'T', '24.4', '2024-05-23 12:53:23'),
(29, 'H', '51', '2024-05-23 12:53:23'),
(30, 'C', '684', '2024-05-23 12:53:23'),
(31, 'T', '24.5', '2024-05-23 12:55:35'),
(32, 'H', '50', '2024-05-23 12:55:35'),
(33, 'C', '663', '2024-05-23 12:55:35'),
(34, 'T', '24.6', '2024-05-23 12:57:47'),
(35, 'H', '50', '2024-05-23 12:57:47'),
(36, 'C', '685', '2024-05-23 12:57:47'),
(37, 'T', '24.7', '2024-05-23 12:59:59'),
(38, 'H', '49', '2024-05-23 12:59:59'),
(39, 'C', '649', '2024-05-23 12:59:59'),
(40, 'T', '24.7', '2024-05-23 13:02:11'),
(41, 'H', '49', '2024-05-23 13:02:11'),
(42, 'C', '649', '2024-05-23 13:02:11'),
(43, 'T', '24.7', '2024-05-23 13:04:23'),
(44, 'H', '49', '2024-05-23 13:04:23'),
(45, 'C', '668', '2024-05-23 13:04:23'),
(46, 'T', '24.8', '2024-05-23 13:06:35'),
(47, 'H', '49', '2024-05-23 13:06:35'),
(48, 'C', '665', '2024-05-23 13:06:35'),
(49, 'T', '24.8', '2024-05-23 13:08:47'),
(50, 'H', '49', '2024-05-23 13:08:47'),
(51, 'C', '657', '2024-05-23 13:08:47'),
(52, 'T', '24.9', '2024-05-23 13:10:59'),
(53, 'H', '49', '2024-05-23 13:10:59'),
(54, 'C', '663', '2024-05-23 13:10:59'),
(55, 'T', '25', '2024-05-23 13:13:10'),
(56, 'H', '49', '2024-05-23 13:13:10'),
(57, 'C', '685', '2024-05-23 13:13:10'),
(58, 'T', '25.1', '2024-05-23 13:15:22'),
(59, 'H', '49', '2024-05-23 13:15:22'),
(60, 'C', '707', '2024-05-23 13:15:22'),
(61, 'T', '25.1', '2024-05-23 13:17:34'),
(62, 'H', '48', '2024-05-23 13:17:34'),
(63, 'C', '678', '2024-05-23 13:17:34'),
(64, 'T', '25.2', '2024-05-23 13:19:46'),
(65, 'H', '48', '2024-05-23 13:19:46'),
(66, 'C', '688', '2024-05-23 13:19:46'),
(67, 'T', '25.2', '2024-05-23 13:21:58'),
(68, 'H', '48', '2024-05-23 13:21:58'),
(69, 'C', '701', '2024-05-23 13:21:58'),
(70, 'T', '25.3', '2024-05-23 13:24:10'),
(71, 'H', '47', '2024-05-23 13:24:10'),
(72, 'C', '693', '2024-05-23 13:24:10'),
(73, 'T', '25.4', '2024-05-23 13:26:22'),
(74, 'H', '47', '2024-05-23 13:26:22'),
(75, 'C', '696', '2024-05-23 13:26:22'),
(76, 'T', '25.4', '2024-05-23 13:28:34'),
(77, 'H', '46', '2024-05-23 13:28:34'),
(78, 'C', '675', '2024-05-23 13:28:34'),
(79, 'T', '25.4', '2024-05-23 13:30:46'),
(80, 'H', '46', '2024-05-23 13:30:46'),
(81, 'C', '682', '2024-05-23 13:30:46'),
(82, 'T', '25.4', '2024-05-23 13:32:57'),
(83, 'H', '46', '2024-05-23 13:32:57'),
(84, 'C', '672', '2024-05-23 13:32:57'),
(85, 'T', '25.5', '2024-05-23 13:35:09'),
(86, 'H', '46', '2024-05-23 13:35:09'),
(87, 'C', '676', '2024-05-23 13:35:09'),
(88, 'T', '25.5', '2024-05-23 13:37:21'),
(89, 'H', '46', '2024-05-23 13:37:21'),
(90, 'C', '669', '2024-05-23 13:37:21'),
(91, 'T', '25.5', '2024-05-23 13:39:33'),
(92, 'H', '45', '2024-05-23 13:39:33'),
(93, 'C', '634', '2024-05-23 13:39:33'),
(94, 'T', '25.6', '2024-05-23 13:41:45'),
(95, 'H', '45', '2024-05-23 13:41:45'),
(96, 'C', '653', '2024-05-23 13:41:45'),
(97, 'T', '25.6', '2024-05-23 13:43:57'),
(98, 'H', '45', '2024-05-23 13:43:57'),
(99, 'C', '648', '2024-05-23 13:43:57'),
(100, 'T', '25.6', '2024-05-23 13:46:09'),
(101, 'H', '44', '2024-05-23 13:46:09'),
(102, 'C', '623', '2024-05-23 13:46:09'),
(103, 'T', '25.6', '2024-05-23 13:48:21'),
(104, 'H', '44', '2024-05-23 13:48:21'),
(105, 'C', '660', '2024-05-23 13:48:21'),
(106, 'T', '25.7', '2024-05-23 13:50:33'),
(107, 'H', '44', '2024-05-23 13:50:33'),
(108, 'C', '694', '2024-05-23 13:50:33'),
(109, 'T', '25.7', '2024-05-23 13:52:44'),
(110, 'H', '44', '2024-05-23 13:52:44'),
(111, 'C', '597', '2024-05-23 13:52:44'),
(112, 'T', '25.7', '2024-05-23 13:54:56'),
(113, 'H', '44', '2024-05-23 13:54:56'),
(114, 'C', '592', '2024-05-23 13:54:56'),
(115, 'T', '25.7', '2024-05-23 13:57:08'),
(116, 'H', '44', '2024-05-23 13:57:08'),
(117, 'C', '588', '2024-05-23 13:57:08'),
(118, 'T', '25.7', '2024-05-23 13:59:20'),
(119, 'H', '44', '2024-05-23 13:59:20'),
(120, 'C', '641', '2024-05-23 13:59:20'),
(121, 'T', '25.7', '2024-05-23 14:01:32'),
(122, 'H', '44', '2024-05-23 14:01:32'),
(123, 'C', '611', '2024-05-23 14:01:32'),
(124, 'T', '25.7', '2024-05-23 14:05:56'),
(125, 'H', '43', '2024-05-23 14:05:56'),
(126, 'C', '633', '2024-05-23 14:05:56'),
(127, 'T', '25.7', '2024-05-23 14:08:08'),
(128, 'H', '42', '2024-05-23 14:08:08'),
(129, 'C', '534', '2024-05-23 14:08:08'),
(130, 'T', '25.7', '2024-05-23 14:10:20'),
(131, 'H', '42', '2024-05-23 14:10:20'),
(132, 'C', '543', '2024-05-23 14:10:20'),
(133, 'T', '25.6', '2024-05-23 14:12:32'),
(134, 'H', '43', '2024-05-23 14:12:32'),
(135, 'C', '586', '2024-05-23 14:12:32'),
(136, 'T', '25.6', '2024-05-23 14:14:43'),
(137, 'H', '42', '2024-05-23 14:14:43'),
(138, 'C', '550', '2024-05-23 14:14:43'),
(139, 'T', '25.6', '2024-05-23 14:16:55'),
(140, 'H', '42', '2024-05-23 14:16:55'),
(141, 'C', '535', '2024-05-23 14:16:55'),
(142, 'T', '25.6', '2024-05-23 14:19:07'),
(143, 'H', '42', '2024-05-23 14:19:07'),
(144, 'C', '568', '2024-05-23 14:19:07'),
(145, 'T', '25.5', '2024-05-23 14:21:19'),
(146, 'H', '42', '2024-05-23 14:21:19'),
(147, 'C', '563', '2024-05-23 14:21:19'),
(148, 'T', '25.6', '2024-05-23 14:23:31'),
(149, 'H', '42', '2024-05-23 14:23:31'),
(150, 'C', '572', '2024-05-23 14:23:31'),
(151, 'T', '25.6', '2024-05-23 14:25:43'),
(152, 'H', '42', '2024-05-23 14:25:43'),
(153, 'C', '588', '2024-05-23 14:25:43'),
(154, 'T', '25.6', '2024-05-23 14:27:55'),
(155, 'H', '42', '2024-05-23 14:27:55'),
(156, 'C', '603', '2024-05-23 14:27:55'),
(157, 'T', '25.7', '2024-05-23 14:30:07'),
(158, 'H', '42', '2024-05-23 14:30:07'),
(159, 'C', '618', '2024-05-23 14:30:07'),
(160, 'T', '25.7', '2024-05-23 14:32:19'),
(161, 'H', '42', '2024-05-23 14:32:19'),
(162, 'C', '609', '2024-05-23 14:32:19'),
(163, 'T', '25.7', '2024-05-23 14:34:30'),
(164, 'H', '43', '2024-05-23 14:34:30'),
(165, 'C', '633', '2024-05-23 14:34:30'),
(166, 'T', '25.7', '2024-05-23 14:36:42'),
(167, 'H', '42', '2024-05-23 14:36:42'),
(168, 'C', '618', '2024-05-23 14:36:42'),
(169, 'T', '25.6', '2024-05-23 14:38:54'),
(170, 'H', '42', '2024-05-23 14:38:54'),
(171, 'C', '595', '2024-05-23 14:38:54'),
(172, 'T', '25.7', '2024-05-23 14:41:06'),
(173, 'H', '43', '2024-05-23 14:41:06'),
(174, 'C', '598', '2024-05-23 14:41:06'),
(175, 'T', '25.7', '2024-05-23 14:43:18'),
(176, 'H', '43', '2024-05-23 14:43:18'),
(177, 'C', '606', '2024-05-23 14:43:18'),
(178, 'T', '25.7', '2024-05-23 14:45:30'),
(179, 'H', '43', '2024-05-23 14:45:30'),
(180, 'C', '633', '2024-05-23 14:45:30'),
(181, 'T', '25.8', '2024-05-23 14:47:42'),
(182, 'H', '43', '2024-05-23 14:47:42'),
(183, 'C', '648', '2024-05-23 14:47:42'),
(184, 'T', '25.8', '2024-05-23 14:49:54'),
(185, 'H', '42', '2024-05-23 14:49:54'),
(186, 'C', '634', '2024-05-23 14:49:54'),
(187, 'T', '25.8', '2024-05-23 14:52:06'),
(188, 'H', '43', '2024-05-23 14:52:06'),
(189, 'C', '652', '2024-05-23 14:52:06'),
(190, 'T', '25.8', '2024-05-23 14:54:17'),
(191, 'H', '42', '2024-05-23 14:54:17'),
(192, 'C', '668', '2024-05-23 14:54:17'),
(193, 'T', '25.9', '2024-05-23 14:56:29'),
(194, 'H', '42', '2024-05-23 14:56:29'),
(195, 'C', '674', '2024-05-23 14:56:29'),
(196, 'T', '25.9', '2024-05-23 14:58:41'),
(197, 'H', '43', '2024-05-23 14:58:41'),
(198, 'C', '681', '2024-05-23 14:58:41'),
(199, 'T', '25.9', '2024-05-23 15:00:53'),
(200, 'H', '43', '2024-05-23 15:00:53'),
(201, 'C', '691', '2024-05-23 15:00:53'),
(202, 'T', '26', '2024-05-23 15:03:05'),
(203, 'H', '42', '2024-05-23 15:03:05'),
(204, 'C', '684', '2024-05-23 15:03:05'),
(205, 'T', '26', '2024-05-23 15:05:17'),
(206, 'H', '42', '2024-05-23 15:05:17'),
(207, 'C', '686', '2024-05-23 15:05:17'),
(208, 'T', '26.1', '2024-05-23 15:07:29'),
(209, 'H', '42', '2024-05-23 15:07:29'),
(210, 'C', '689', '2024-05-23 15:07:29'),
(211, 'T', '26.1', '2024-05-23 15:09:41'),
(212, 'H', '42', '2024-05-23 15:09:41'),
(213, 'C', '679', '2024-05-23 15:09:41'),
(214, 'T', '26.1', '2024-05-23 15:11:53'),
(215, 'H', '42', '2024-05-23 15:11:53'),
(216, 'C', '687', '2024-05-23 15:11:53'),
(217, 'T', '26.1', '2024-05-23 15:14:05'),
(218, 'H', '42', '2024-05-23 15:14:05'),
(219, 'C', '684', '2024-05-23 15:14:05'),
(220, 'T', '26.1', '2024-05-23 15:16:16'),
(221, 'H', '42', '2024-05-23 15:16:16'),
(222, 'C', '677', '2024-05-23 15:16:16'),
(223, 'T', '26.1', '2024-05-23 15:18:28'),
(224, 'H', '42', '2024-05-23 15:18:28'),
(225, 'C', '681', '2024-05-23 15:18:28'),
(226, 'T', '26.1', '2024-05-23 15:20:40'),
(227, 'H', '42', '2024-05-23 15:20:40'),
(228, 'C', '681', '2024-05-23 15:20:40'),
(229, 'T', '26.1', '2024-05-23 15:22:52'),
(230, 'H', '42', '2024-05-23 15:22:52'),
(231, 'C', '688', '2024-05-23 15:22:52'),
(232, 'T', '26.1', '2024-05-23 15:25:04'),
(233, 'H', '42', '2024-05-23 15:25:04'),
(234, 'C', '677', '2024-05-23 15:25:04'),
(235, 'T', '26.1', '2024-05-23 15:27:16'),
(236, 'H', '42', '2024-05-23 15:27:16'),
(237, 'C', '678', '2024-05-23 15:27:16'),
(238, 'T', '26.1', '2024-05-23 15:29:28'),
(239, 'H', '42', '2024-05-23 15:29:28'),
(240, 'C', '674', '2024-05-23 15:29:28'),
(241, 'T', '26.1', '2024-05-23 15:31:40'),
(242, 'H', '42', '2024-05-23 15:31:40'),
(243, 'C', '678', '2024-05-23 15:31:40'),
(244, 'T', '26.1', '2024-05-23 15:33:52'),
(245, 'H', '42', '2024-05-23 15:33:52'),
(246, 'C', '669', '2024-05-23 15:33:52'),
(247, 'T', '26.1', '2024-05-23 15:36:03'),
(248, 'H', '42', '2024-05-23 15:36:03'),
(249, 'C', '667', '2024-05-23 15:36:03'),
(250, 'T', '26.1', '2024-05-23 15:38:15'),
(251, 'H', '42', '2024-05-23 15:38:15'),
(252, 'C', '669', '2024-05-23 15:38:15'),
(253, 'T', '26.1', '2024-05-23 15:40:27'),
(254, 'H', '42', '2024-05-23 15:40:27'),
(255, 'C', '673', '2024-05-23 15:40:27'),
(256, 'T', '26.1', '2024-05-23 15:42:39'),
(257, 'H', '42', '2024-05-23 15:42:39'),
(258, 'C', '665', '2024-05-23 15:42:39'),
(259, 'T', '26.1', '2024-05-23 15:44:51'),
(260, 'H', '42', '2024-05-23 15:44:51'),
(261, 'C', '671', '2024-05-23 15:44:51'),
(262, 'T', '26.1', '2024-05-23 15:47:03'),
(263, 'H', '42', '2024-05-23 15:47:03'),
(264, 'C', '663', '2024-05-23 15:47:03'),
(265, 'T', '26.1', '2024-05-23 15:49:15'),
(266, 'H', '43', '2024-05-23 15:49:15'),
(267, 'C', '655', '2024-05-23 15:49:15'),
(268, 'T', '26.1', '2024-05-23 15:51:27'),
(269, 'H', '42', '2024-05-23 15:51:27'),
(270, 'C', '659', '2024-05-23 15:51:27'),
(271, 'T', '26.1', '2024-05-23 15:53:39'),
(272, 'H', '42', '2024-05-23 15:53:39'),
(273, 'C', '661', '2024-05-23 15:53:39'),
(274, 'T', '26.1', '2024-05-23 15:55:50'),
(275, 'H', '42', '2024-05-23 15:55:50'),
(276, 'C', '658', '2024-05-23 15:55:50'),
(277, 'T', '26.1', '2024-05-23 15:58:02'),
(278, 'H', '42', '2024-05-23 15:58:02'),
(279, 'C', '657', '2024-05-23 15:58:02'),
(280, 'T', '26.1', '2024-05-23 16:00:14'),
(281, 'H', '42', '2024-05-23 16:00:14'),
(282, 'C', '651', '2024-05-23 16:00:14'),
(283, 'T', '26.1', '2024-05-23 16:02:26'),
(284, 'H', '42', '2024-05-23 16:02:26'),
(285, 'C', '651', '2024-05-23 16:02:26'),
(286, 'T', '26.1', '2024-05-23 16:04:38'),
(287, 'H', '42', '2024-05-23 16:04:38'),
(288, 'C', '653', '2024-05-23 16:04:38'),
(289, 'T', '26.1', '2024-05-23 16:06:50'),
(290, 'H', '42', '2024-05-23 16:06:50'),
(291, 'C', '648', '2024-05-23 16:06:50'),
(292, 'T', '26.1', '2024-05-23 16:09:02'),
(293, 'H', '42', '2024-05-23 16:09:02'),
(294, 'C', '654', '2024-05-23 16:09:02'),
(295, 'T', '26.1', '2024-05-23 16:11:14'),
(296, 'H', '42', '2024-05-23 16:11:14'),
(297, 'C', '649', '2024-05-23 16:11:14'),
(298, 'T', '26.1', '2024-05-23 16:13:26'),
(299, 'H', '42', '2024-05-23 16:13:26'),
(300, 'C', '638', '2024-05-23 16:13:26'),
(301, 'T', '26.1', '2024-05-23 16:15:38'),
(302, 'H', '42', '2024-05-23 16:15:38'),
(303, 'C', '645', '2024-05-23 16:15:38'),
(304, 'T', '26.1', '2024-05-23 16:17:49'),
(305, 'H', '43', '2024-05-23 16:17:49'),
(306, 'C', '646', '2024-05-23 16:17:49'),
(307, 'T', '26.1', '2024-05-23 16:20:01'),
(308, 'H', '42', '2024-05-23 16:20:01'),
(309, 'C', '643', '2024-05-23 16:20:01'),
(310, 'T', '26.1', '2024-05-23 16:22:13'),
(311, 'H', '42', '2024-05-23 16:22:13'),
(312, 'C', '639', '2024-05-23 16:22:13'),
(313, 'T', '26.1', '2024-05-23 16:24:25'),
(314, 'H', '42', '2024-05-23 16:24:25'),
(315, 'C', '636', '2024-05-23 16:24:25'),
(316, 'T', '26.1', '2024-05-23 16:26:37'),
(317, 'H', '42', '2024-05-23 16:26:37'),
(318, 'C', '633', '2024-05-23 16:26:37'),
(319, 'T', '26.1', '2024-05-23 16:28:49'),
(320, 'H', '42', '2024-05-23 16:28:49'),
(321, 'C', '635', '2024-05-23 16:28:49'),
(322, 'T', '26.1', '2024-05-23 16:31:01'),
(323, 'H', '42', '2024-05-23 16:31:01'),
(324, 'C', '637', '2024-05-23 16:31:01'),
(325, 'T', '26.1', '2024-05-23 16:33:13'),
(326, 'H', '42', '2024-05-23 16:33:13'),
(327, 'C', '631', '2024-05-23 16:33:13'),
(328, 'T', '26.1', '2024-05-23 16:35:25'),
(329, 'H', '42', '2024-05-23 16:35:25'),
(330, 'C', '629', '2024-05-23 16:35:25'),
(331, 'T', '26.1', '2024-05-23 16:37:36'),
(332, 'H', '42', '2024-05-23 16:37:36'),
(333, 'C', '627', '2024-05-23 16:37:36'),
(334, 'T', '26.1', '2024-05-23 16:39:48'),
(335, 'H', '42', '2024-05-23 16:39:48'),
(336, 'C', '629', '2024-05-23 16:39:48'),
(337, 'T', '26.1', '2024-05-23 16:42:00'),
(338, 'H', '43', '2024-05-23 16:42:00'),
(339, 'C', '632', '2024-05-23 16:42:00'),
(340, 'T', '26.1', '2024-05-23 16:44:12'),
(341, 'H', '42', '2024-05-23 16:44:12'),
(342, 'C', '628', '2024-05-23 16:44:12'),
(343, 'T', '26.1', '2024-05-23 16:46:24'),
(344, 'H', '43', '2024-05-23 16:46:24'),
(345, 'C', '632', '2024-05-23 16:46:24'),
(346, 'T', '26.1', '2024-05-23 16:48:36'),
(347, 'H', '42', '2024-05-23 16:48:36'),
(348, 'C', '628', '2024-05-23 16:48:36'),
(349, 'T', '26.1', '2024-05-23 16:50:48'),
(350, 'H', '43', '2024-05-23 16:50:48'),
(351, 'C', '632', '2024-05-23 16:50:48'),
(352, 'T', '26.1', '2024-05-23 16:53:00'),
(353, 'H', '43', '2024-05-23 16:53:00'),
(354, 'C', '626', '2024-05-23 16:53:00'),
(355, 'T', '26', '2024-05-23 16:55:12'),
(356, 'H', '43', '2024-05-23 16:55:12'),
(357, 'C', '626', '2024-05-23 16:55:12'),
(358, 'T', '26', '2024-05-23 16:57:23'),
(359, 'H', '43', '2024-05-23 16:57:23'),
(360, 'C', '625', '2024-05-23 16:57:23'),
(361, 'T', '26', '2024-05-23 16:59:35'),
(362, 'H', '43', '2024-05-23 16:59:35'),
(363, 'C', '624', '2024-05-23 16:59:35'),
(364, 'T', '26', '2024-05-23 17:01:47'),
(365, 'H', '43', '2024-05-23 17:01:47'),
(366, 'C', '621', '2024-05-23 17:01:47'),
(367, 'T', '26', '2024-05-23 17:03:59'),
(368, 'H', '43', '2024-05-23 17:03:59'),
(369, 'C', '619', '2024-05-23 17:03:59'),
(370, 'T', '26', '2024-05-23 17:06:11'),
(371, 'H', '43', '2024-05-23 17:06:11'),
(372, 'C', '619', '2024-05-23 17:06:11'),
(373, 'T', '26', '2024-05-23 17:08:23'),
(374, 'H', '43', '2024-05-23 17:08:23'),
(375, 'C', '620', '2024-05-23 17:08:23'),
(376, 'T', '26', '2024-05-23 17:10:35'),
(377, 'H', '43', '2024-05-23 17:10:35'),
(378, 'C', '622', '2024-05-23 17:10:35'),
(379, 'T', '26', '2024-05-23 17:12:47'),
(380, 'H', '43', '2024-05-23 17:12:47'),
(381, 'C', '617', '2024-05-23 17:12:47'),
(382, 'T', '26', '2024-05-23 17:14:59'),
(383, 'H', '43', '2024-05-23 17:14:59'),
(384, 'C', '614', '2024-05-23 17:14:59'),
(385, 'T', '25.9', '2024-05-23 17:17:10'),
(386, 'H', '43', '2024-05-23 17:17:10'),
(387, 'C', '612', '2024-05-23 17:17:10'),
(388, 'T', '25.9', '2024-05-23 17:19:22'),
(389, 'H', '43', '2024-05-23 17:19:22'),
(390, 'C', '609', '2024-05-23 17:19:22'),
(391, 'T', '25.9', '2024-05-23 17:21:34'),
(392, 'H', '43', '2024-05-23 17:21:34'),
(393, 'C', '608', '2024-05-23 17:21:34'),
(394, 'T', '25.9', '2024-05-23 17:23:46'),
(395, 'H', '43', '2024-05-23 17:23:46'),
(396, 'C', '609', '2024-05-23 17:23:46'),
(397, 'T', '25.9', '2024-05-23 17:25:58'),
(398, 'H', '43', '2024-05-23 17:25:58'),
(399, 'C', '608', '2024-05-23 17:25:58'),
(400, 'T', '25.9', '2024-05-23 17:28:10'),
(401, 'H', '43', '2024-05-23 17:28:10'),
(402, 'C', '609', '2024-05-23 17:28:10'),
(403, 'T', '25.9', '2024-05-23 17:30:22'),
(404, 'H', '43', '2024-05-23 17:30:22'),
(405, 'C', '611', '2024-05-23 17:30:22'),
(406, 'T', '25.9', '2024-05-23 17:32:34'),
(407, 'H', '43', '2024-05-23 17:32:34'),
(408, 'C', '606', '2024-05-23 17:32:34'),
(409, 'T', '25.9', '2024-05-23 17:34:46'),
(410, 'H', '43', '2024-05-23 17:34:46'),
(411, 'C', '607', '2024-05-23 17:34:46'),
(412, 'T', '25.9', '2024-05-23 17:36:58'),
(413, 'H', '43', '2024-05-23 17:36:58'),
(414, 'C', '607', '2024-05-23 17:36:58'),
(415, 'T', '25.9', '2024-05-23 17:39:09'),
(416, 'H', '43', '2024-05-23 17:39:09'),
(417, 'C', '602', '2024-05-23 17:39:09'),
(418, 'T', '25.9', '2024-05-23 17:41:21'),
(419, 'H', '43', '2024-05-23 17:41:21'),
(420, 'C', '602', '2024-05-23 17:41:21'),
(421, 'T', '25.9', '2024-05-23 17:43:33'),
(422, 'H', '43', '2024-05-23 17:43:33'),
(423, 'C', '603', '2024-05-23 17:43:33'),
(424, 'T', '25.9', '2024-05-23 17:45:45'),
(425, 'H', '43', '2024-05-23 17:45:45'),
(426, 'C', '597', '2024-05-23 17:45:45'),
(427, 'T', '25.9', '2024-05-23 17:47:57'),
(428, 'H', '43', '2024-05-23 17:47:57'),
(429, 'C', '596', '2024-05-23 17:47:57'),
(430, 'T', '25.9', '2024-05-23 17:50:09'),
(431, 'H', '43', '2024-05-23 17:50:09'),
(432, 'C', '598', '2024-05-23 17:50:09'),
(433, 'T', '25.9', '2024-05-23 17:52:21'),
(434, 'H', '43', '2024-05-23 17:52:21'),
(435, 'C', '598', '2024-05-23 17:52:21'),
(436, 'T', '25.9', '2024-05-23 17:54:33'),
(437, 'H', '43', '2024-05-23 17:54:33'),
(438, 'C', '598', '2024-05-23 17:54:33'),
(439, 'T', '25.9', '2024-05-23 17:56:45'),
(440, 'H', '43', '2024-05-23 17:56:45'),
(441, 'C', '599', '2024-05-23 17:56:45'),
(442, 'T', '25.9', '2024-05-23 17:58:56'),
(443, 'H', '43', '2024-05-23 17:58:56'),
(444, 'C', '602', '2024-05-23 17:58:56'),
(445, 'T', '25.9', '2024-05-23 18:01:08'),
(446, 'H', '43', '2024-05-23 18:01:08'),
(447, 'C', '601', '2024-05-23 18:01:08'),
(448, 'T', '25.9', '2024-05-23 18:03:20'),
(449, 'H', '43', '2024-05-23 18:03:20'),
(450, 'C', '598', '2024-05-23 18:03:20'),
(451, 'T', '25.9', '2024-05-23 18:05:32'),
(452, 'H', '43', '2024-05-23 18:05:32'),
(453, 'C', '594', '2024-05-23 18:05:32'),
(454, 'T', '25.9', '2024-05-23 18:07:44'),
(455, 'H', '43', '2024-05-23 18:07:44'),
(456, 'C', '594', '2024-05-23 18:07:44'),
(457, 'T', '25.9', '2024-05-23 18:09:56'),
(458, 'H', '43', '2024-05-23 18:09:56'),
(459, 'C', '592', '2024-05-23 18:09:56'),
(460, 'T', '25.9', '2024-05-23 18:12:08'),
(461, 'H', '43', '2024-05-23 18:12:08'),
(462, 'C', '596', '2024-05-23 18:12:08'),
(463, 'T', '25.9', '2024-05-23 18:14:20'),
(464, 'H', '43', '2024-05-23 18:14:20'),
(465, 'C', '595', '2024-05-23 18:14:20'),
(466, 'T', '25.9', '2024-05-23 18:16:32'),
(467, 'H', '43', '2024-05-23 18:16:32'),
(468, 'C', '587', '2024-05-23 18:16:32'),
(469, 'T', '25.9', '2024-05-23 18:18:43'),
(470, 'H', '43', '2024-05-23 18:18:43'),
(471, 'C', '585', '2024-05-23 18:18:43'),
(472, 'T', '25.9', '2024-05-23 18:20:55'),
(473, 'H', '43', '2024-05-23 18:20:55'),
(474, 'C', '584', '2024-05-23 18:20:55'),
(475, 'T', '25.9', '2024-05-23 18:23:07'),
(476, 'H', '43', '2024-05-23 18:23:07'),
(477, 'C', '587', '2024-05-23 18:23:07'),
(478, 'T', '25.9', '2024-05-23 18:25:19'),
(479, 'H', '43', '2024-05-23 18:25:19'),
(480, 'C', '583', '2024-05-23 18:25:19'),
(481, 'T', '25.9', '2024-05-23 18:27:31'),
(482, 'H', '43', '2024-05-23 18:27:31'),
(483, 'C', '580', '2024-05-23 18:27:31'),
(484, 'T', '25.9', '2024-05-23 18:29:43'),
(485, 'H', '43', '2024-05-23 18:29:43'),
(486, 'C', '588', '2024-05-23 18:29:43'),
(487, 'T', '25.9', '2024-05-23 18:31:55'),
(488, 'H', '43', '2024-05-23 18:31:55'),
(489, 'C', '587', '2024-05-23 18:31:55'),
(490, 'T', '25.9', '2024-05-23 18:34:07'),
(491, 'H', '43', '2024-05-23 18:34:07'),
(492, 'C', '584', '2024-05-23 18:34:07'),
(493, 'T', '25.9', '2024-05-23 18:36:19'),
(494, 'H', '43', '2024-05-23 18:36:19'),
(495, 'C', '586', '2024-05-23 18:36:19'),
(496, 'T', '25.9', '2024-05-23 18:38:31'),
(497, 'H', '43', '2024-05-23 18:38:31'),
(498, 'C', '585', '2024-05-23 18:38:31'),
(499, 'T', '25.9', '2024-05-23 18:40:42'),
(500, 'H', '43', '2024-05-23 18:40:42'),
(501, 'C', '583', '2024-05-23 18:40:42'),
(502, 'T', '25.9', '2024-05-23 18:42:54'),
(503, 'H', '43', '2024-05-23 18:42:54'),
(504, 'C', '583', '2024-05-23 18:42:54'),
(505, 'T', '25.9', '2024-05-23 18:45:06'),
(506, 'H', '43', '2024-05-23 18:45:06'),
(507, 'C', '577', '2024-05-23 18:45:06'),
(508, 'T', '25.9', '2024-05-23 18:47:18'),
(509, 'H', '43', '2024-05-23 18:47:18'),
(510, 'C', '582', '2024-05-23 18:47:18'),
(511, 'T', '25.9', '2024-05-23 18:49:30'),
(512, 'H', '43', '2024-05-23 18:49:30'),
(513, 'C', '585', '2024-05-23 18:49:30'),
(514, 'T', '25.9', '2024-05-23 18:51:42'),
(515, 'H', '43', '2024-05-23 18:51:42'),
(516, 'C', '581', '2024-05-23 18:51:42'),
(517, 'T', '25.9', '2024-05-23 18:53:54'),
(518, 'H', '43', '2024-05-23 18:53:54'),
(519, 'C', '573', '2024-05-23 18:53:54'),
(520, 'T', '25.9', '2024-05-23 18:56:06'),
(521, 'H', '43', '2024-05-23 18:56:06'),
(522, 'C', '569', '2024-05-23 18:56:06'),
(523, 'T', '25.9', '2024-05-23 18:58:18'),
(524, 'H', '43', '2024-05-23 18:58:18'),
(525, 'C', '575', '2024-05-23 18:58:18'),
(526, 'T', '25.9', '2024-05-23 19:00:29'),
(527, 'H', '43', '2024-05-23 19:00:29'),
(528, 'C', '573', '2024-05-23 19:00:29'),
(529, 'T', '25.8', '2024-05-23 19:02:41'),
(530, 'H', '43', '2024-05-23 19:02:41'),
(531, 'C', '579', '2024-05-23 19:02:41'),
(532, 'T', '25.8', '2024-05-23 19:04:53'),
(533, 'H', '43', '2024-05-23 19:04:53'),
(534, 'C', '571', '2024-05-23 19:04:53'),
(535, 'T', '25.8', '2024-05-23 19:07:05'),
(536, 'H', '43', '2024-05-23 19:07:05'),
(537, 'C', '572', '2024-05-23 19:07:05'),
(538, 'T', '25.8', '2024-05-23 19:09:17'),
(539, 'H', '43', '2024-05-23 19:09:17'),
(540, 'C', '572', '2024-05-23 19:09:17'),
(541, 'T', '25.8', '2024-05-23 19:11:29'),
(542, 'H', '43', '2024-05-23 19:11:29'),
(543, 'C', '566', '2024-05-23 19:11:29'),
(544, 'T', '25.8', '2024-05-23 19:13:41'),
(545, 'H', '44', '2024-05-23 19:13:41'),
(546, 'C', '572', '2024-05-23 19:13:41'),
(547, 'T', '25.7', '2024-05-23 19:15:53'),
(548, 'H', '44', '2024-05-23 19:15:53'),
(549, 'C', '569', '2024-05-23 19:15:53'),
(550, 'T', '25.7', '2024-05-23 19:18:05'),
(551, 'H', '44', '2024-05-23 19:18:05'),
(552, 'C', '566', '2024-05-23 19:18:05'),
(553, 'T', '25.7', '2024-05-23 19:20:16'),
(554, 'H', '44', '2024-05-23 19:20:16'),
(555, 'C', '567', '2024-05-23 19:20:16'),
(556, 'T', '25.7', '2024-05-23 19:22:28'),
(557, 'H', '44', '2024-05-23 19:22:28'),
(558, 'C', '567', '2024-05-23 19:22:28'),
(559, 'T', '25.7', '2024-05-23 19:24:40'),
(560, 'H', '44', '2024-05-23 19:24:40'),
(561, 'C', '571', '2024-05-23 19:24:40'),
(562, 'T', '25.6', '2024-05-23 19:26:52'),
(563, 'H', '44', '2024-05-23 19:26:52'),
(564, 'C', '574', '2024-05-23 19:26:52'),
(565, 'T', '25.6', '2024-05-23 19:29:04'),
(566, 'H', '44', '2024-05-23 19:29:04'),
(567, 'C', '569', '2024-05-23 19:29:04'),
(568, 'T', '25.6', '2024-05-23 19:31:16'),
(569, 'H', '44', '2024-05-23 19:31:16'),
(570, 'C', '563', '2024-05-23 19:31:16'),
(571, 'T', '25.6', '2024-05-23 19:33:28'),
(572, 'H', '44', '2024-05-23 19:33:28'),
(573, 'C', '563', '2024-05-23 19:33:28'),
(574, 'T', '25.6', '2024-05-23 19:35:40'),
(575, 'H', '44', '2024-05-23 19:35:40'),
(576, 'C', '565', '2024-05-23 19:35:40'),
(577, 'T', '25.6', '2024-05-23 19:37:52'),
(578, 'H', '44', '2024-05-23 19:37:52'),
(579, 'C', '564', '2024-05-23 19:37:52'),
(580, 'T', '25.6', '2024-05-23 19:40:03'),
(581, 'H', '44', '2024-05-23 19:40:03'),
(582, 'C', '565', '2024-05-23 19:40:03'),
(583, 'T', '25.6', '2024-05-23 19:42:15'),
(584, 'H', '44', '2024-05-23 19:42:15'),
(585, 'C', '569', '2024-05-23 19:42:15'),
(586, 'T', '25.5', '2024-05-23 19:44:27'),
(587, 'H', '44', '2024-05-23 19:44:27'),
(588, 'C', '569', '2024-05-23 19:44:27'),
(589, 'T', '25.5', '2024-05-23 19:46:39'),
(590, 'H', '44', '2024-05-23 19:46:39'),
(591, 'C', '574', '2024-05-23 19:46:39'),
(592, 'T', '25.5', '2024-05-23 19:48:51'),
(593, 'H', '44', '2024-05-23 19:48:51'),
(594, 'C', '569', '2024-05-23 19:48:51'),
(595, 'T', '25.5', '2024-05-23 19:51:03'),
(596, 'H', '44', '2024-05-23 19:51:03'),
(597, 'C', '565', '2024-05-23 19:51:03'),
(598, 'T', '25.5', '2024-05-23 19:53:15'),
(599, 'H', '44', '2024-05-23 19:53:15'),
(600, 'C', '560', '2024-05-23 19:53:15'),
(601, 'T', '25.4', '2024-05-23 19:55:27'),
(602, 'H', '44', '2024-05-23 19:55:27'),
(603, 'C', '570', '2024-05-23 19:55:27'),
(604, 'T', '25.4', '2024-05-23 19:57:39'),
(605, 'H', '44', '2024-05-23 19:57:39'),
(606, 'C', '556', '2024-05-23 19:57:39'),
(607, 'T', '25.4', '2024-05-23 19:59:51'),
(608, 'H', '44', '2024-05-23 19:59:51'),
(609, 'C', '569', '2024-05-23 19:59:51'),
(610, 'T', '25.3', '2024-05-23 20:02:02'),
(611, 'H', '44', '2024-05-23 20:02:02'),
(612, 'C', '562', '2024-05-23 20:02:02'),
(613, 'T', '25.3', '2024-05-23 20:04:14'),
(614, 'H', '44', '2024-05-23 20:04:14'),
(615, 'C', '567', '2024-05-23 20:04:14'),
(616, 'T', '25.3', '2024-05-23 20:06:26'),
(617, 'H', '44', '2024-05-23 20:06:26'),
(618, 'C', '560', '2024-05-23 20:06:26'),
(619, 'T', '25.4', '2024-05-23 20:08:38'),
(620, 'H', '44', '2024-05-23 20:08:38'),
(621, 'C', '559', '2024-05-23 20:08:38'),
(622, 'T', '25.3', '2024-05-23 20:10:50'),
(623, 'H', '44', '2024-05-23 20:10:50'),
(624, 'C', '562', '2024-05-23 20:10:50'),
(625, 'T', '25.3', '2024-05-23 20:13:02'),
(626, 'H', '44', '2024-05-23 20:13:02'),
(627, 'C', '558', '2024-05-23 20:13:02'),
(628, 'T', '25.3', '2024-05-23 20:15:14'),
(629, 'H', '45', '2024-05-23 20:15:14'),
(630, 'C', '557', '2024-05-23 20:15:14'),
(631, 'T', '25.3', '2024-05-23 20:17:26'),
(632, 'H', '45', '2024-05-23 20:17:26'),
(633, 'C', '559', '2024-05-23 20:17:26'),
(634, 'T', '25.3', '2024-05-23 20:19:38'),
(635, 'H', '45', '2024-05-23 20:19:38'),
(636, 'C', '558', '2024-05-23 20:19:38'),
(637, 'T', '25.2', '2024-05-23 20:21:49'),
(638, 'H', '45', '2024-05-23 20:21:49'),
(639, 'C', '554', '2024-05-23 20:21:49'),
(640, 'T', '25.2', '2024-05-23 20:24:01'),
(641, 'H', '45', '2024-05-23 20:24:01'),
(642, 'C', '563', '2024-05-23 20:24:01'),
(643, 'T', '25.2', '2024-05-23 20:26:13'),
(644, 'H', '45', '2024-05-23 20:26:13'),
(645, 'C', '552', '2024-05-23 20:26:13'),
(646, 'T', '25.2', '2024-05-23 20:28:25'),
(647, 'H', '45', '2024-05-23 20:28:25'),
(648, 'C', '555', '2024-05-23 20:28:25'),
(649, 'T', '25.2', '2024-05-23 20:30:37'),
(650, 'H', '45', '2024-05-23 20:30:37'),
(651, 'C', '551', '2024-05-23 20:30:37'),
(652, 'T', '25.2', '2024-05-23 20:32:49'),
(653, 'H', '45', '2024-05-23 20:32:49'),
(654, 'C', '554', '2024-05-23 20:32:49'),
(655, 'T', '25.2', '2024-05-23 20:35:01'),
(656, 'H', '45', '2024-05-23 20:35:01'),
(657, 'C', '551', '2024-05-23 20:35:01'),
(658, 'T', '25.1', '2024-05-23 20:37:13'),
(659, 'H', '45', '2024-05-23 20:37:13'),
(660, 'C', '554', '2024-05-23 20:37:13'),
(661, 'T', '25.1', '2024-05-23 20:39:25'),
(662, 'H', '45', '2024-05-23 20:39:25'),
(663, 'C', '553', '2024-05-23 20:39:25'),
(664, 'T', '25.1', '2024-05-23 20:41:36'),
(665, 'H', '45', '2024-05-23 20:41:36'),
(666, 'C', '548', '2024-05-23 20:41:36'),
(667, 'T', '25.1', '2024-05-23 20:43:48'),
(668, 'H', '45', '2024-05-23 20:43:48'),
(669, 'C', '553', '2024-05-23 20:43:48'),
(670, 'T', '25.1', '2024-05-23 20:46:00'),
(671, 'H', '45', '2024-05-23 20:46:00'),
(672, 'C', '549', '2024-05-23 20:46:00'),
(673, 'T', '25.1', '2024-05-23 20:48:12'),
(674, 'H', '45', '2024-05-23 20:48:12'),
(675, 'C', '545', '2024-05-23 20:48:12'),
(676, 'T', '25.1', '2024-05-23 20:50:24'),
(677, 'H', '45', '2024-05-23 20:50:24'),
(678, 'C', '554', '2024-05-23 20:50:24'),
(679, 'T', '25', '2024-05-23 20:52:36'),
(680, 'H', '45', '2024-05-23 20:52:36'),
(681, 'C', '544', '2024-05-23 20:52:36'),
(682, 'T', '25', '2024-05-23 20:54:48'),
(683, 'H', '45', '2024-05-23 20:54:48'),
(684, 'C', '554', '2024-05-23 20:54:48'),
(685, 'T', '25', '2024-05-23 20:57:00'),
(686, 'H', '45', '2024-05-23 20:57:00'),
(687, 'C', '551', '2024-05-23 20:57:00'),
(688, 'T', '25', '2024-05-23 20:59:12'),
(689, 'H', '45', '2024-05-23 20:59:12'),
(690, 'C', '552', '2024-05-23 20:59:12'),
(691, 'T', '25', '2024-05-23 21:01:24'),
(692, 'H', '45', '2024-05-23 21:01:24'),
(693, 'C', '547', '2024-05-23 21:01:24'),
(694, 'T', '25', '2024-05-23 21:03:35'),
(695, 'H', '45', '2024-05-23 21:03:35'),
(696, 'C', '550', '2024-05-23 21:03:35'),
(697, 'T', '25', '2024-05-23 21:05:47'),
(698, 'H', '45', '2024-05-23 21:05:47'),
(699, 'C', '542', '2024-05-23 21:05:47'),
(700, 'T', '25', '2024-05-23 21:07:59'),
(701, 'H', '45', '2024-05-23 21:07:59'),
(702, 'C', '549', '2024-05-23 21:07:59'),
(703, 'T', '25', '2024-05-23 21:10:11'),
(704, 'H', '45', '2024-05-23 21:10:11'),
(705, 'C', '550', '2024-05-23 21:10:11'),
(706, 'T', '24.9', '2024-05-23 21:12:23'),
(707, 'H', '45', '2024-05-23 21:12:23'),
(708, 'C', '548', '2024-05-23 21:12:23'),
(709, 'T', '24.9', '2024-05-23 21:14:35'),
(710, 'H', '45', '2024-05-23 21:14:35'),
(711, 'C', '550', '2024-05-23 21:14:35'),
(712, 'T', '24.9', '2024-05-23 21:16:47'),
(713, 'H', '45', '2024-05-23 21:16:47'),
(714, 'C', '538', '2024-05-23 21:16:47'),
(715, 'T', '24.9', '2024-05-23 21:18:59'),
(716, 'H', '46', '2024-05-23 21:18:59'),
(717, 'C', '548', '2024-05-23 21:18:59'),
(718, 'T', '24.9', '2024-05-23 21:21:11'),
(719, 'H', '46', '2024-05-23 21:21:11'),
(720, 'C', '536', '2024-05-23 21:21:11'),
(721, 'T', '24.9', '2024-05-23 21:23:22'),
(722, 'H', '46', '2024-05-23 21:23:22'),
(723, 'C', '537', '2024-05-23 21:23:22'),
(724, 'T', '24.9', '2024-05-23 21:25:34'),
(725, 'H', '46', '2024-05-23 21:25:34'),
(726, 'C', '537', '2024-05-23 21:25:34'),
(727, 'T', '24.9', '2024-05-23 21:27:46'),
(728, 'H', '46', '2024-05-23 21:27:46'),
(729, 'C', '532', '2024-05-23 21:27:46'),
(730, 'T', '24.8', '2024-05-23 21:29:58'),
(731, 'H', '46', '2024-05-23 21:29:58'),
(732, 'C', '541', '2024-05-23 21:29:58'),
(733, 'T', '24.8', '2024-05-23 21:32:10'),
(734, 'H', '46', '2024-05-23 21:32:10'),
(735, 'C', '530', '2024-05-23 21:32:10'),
(736, 'T', '24.8', '2024-05-23 21:34:22'),
(737, 'H', '46', '2024-05-23 21:34:22'),
(738, 'C', '537', '2024-05-23 21:34:22'),
(739, 'T', '24.8', '2024-05-23 21:36:34'),
(740, 'H', '46', '2024-05-23 21:36:34'),
(741, 'C', '541', '2024-05-23 21:36:34'),
(742, 'T', '24.8', '2024-05-23 21:38:46'),
(743, 'H', '46', '2024-05-23 21:38:46'),
(744, 'C', '537', '2024-05-23 21:38:46'),
(745, 'T', '24.8', '2024-05-23 21:40:58'),
(746, 'H', '46', '2024-05-23 21:40:58'),
(747, 'C', '538', '2024-05-23 21:40:58'),
(748, 'T', '24.8', '2024-05-23 21:43:09'),
(749, 'H', '46', '2024-05-23 21:43:09'),
(750, 'C', '540', '2024-05-23 21:43:09'),
(751, 'T', '24.8', '2024-05-23 21:45:21'),
(752, 'H', '46', '2024-05-23 21:45:21'),
(753, 'C', '534', '2024-05-23 21:45:21'),
(754, 'T', '24.8', '2024-05-23 21:47:33'),
(755, 'H', '46', '2024-05-23 21:47:33'),
(756, 'C', '533', '2024-05-23 21:47:33'),
(757, 'T', '24.7', '2024-05-23 21:49:45'),
(758, 'H', '46', '2024-05-23 21:49:45'),
(759, 'C', '529', '2024-05-23 21:49:45'),
(760, 'T', '24.8', '2024-05-23 21:51:57'),
(761, 'H', '46', '2024-05-23 21:51:57'),
(762, 'C', '532', '2024-05-23 21:51:57'),
(763, 'T', '24.7', '2024-05-23 21:54:09'),
(764, 'H', '46', '2024-05-23 21:54:09'),
(765, 'C', '525', '2024-05-23 21:54:09'),
(766, 'T', '24.7', '2024-05-23 21:56:21'),
(767, 'H', '46', '2024-05-23 21:56:21'),
(768, 'C', '530', '2024-05-23 21:56:21'),
(769, 'T', '24.7', '2024-05-23 21:58:33'),
(770, 'H', '46', '2024-05-23 21:58:33'),
(771, 'C', '532', '2024-05-23 21:58:33'),
(772, 'T', '24.7', '2024-05-23 22:00:45'),
(773, 'H', '46', '2024-05-23 22:00:45'),
(774, 'C', '537', '2024-05-23 22:00:45'),
(775, 'T', '24.7', '2024-05-23 22:02:56'),
(776, 'H', '46', '2024-05-23 22:02:56'),
(777, 'C', '530', '2024-05-23 22:02:56'),
(778, 'T', '24.7', '2024-05-23 22:05:08'),
(779, 'H', '46', '2024-05-23 22:05:08'),
(780, 'C', '524', '2024-05-23 22:05:08'),
(781, 'T', '24.7', '2024-05-23 22:07:20'),
(782, 'H', '46', '2024-05-23 22:07:20'),
(783, 'C', '529', '2024-05-23 22:07:20'),
(784, 'T', '24.7', '2024-05-23 22:09:32'),
(785, 'H', '46', '2024-05-23 22:09:32'),
(786, 'C', '526', '2024-05-23 22:09:32'),
(787, 'T', '24.7', '2024-05-23 22:11:44'),
(788, 'H', '46', '2024-05-23 22:11:44'),
(789, 'C', '528', '2024-05-23 22:11:44'),
(790, 'T', '24.7', '2024-05-23 22:13:56'),
(791, 'H', '46', '2024-05-23 22:13:56'),
(792, 'C', '522', '2024-05-23 22:13:56'),
(793, 'T', '24.6', '2024-05-23 22:16:08'),
(794, 'H', '46', '2024-05-23 22:16:08'),
(795, 'C', '528', '2024-05-23 22:16:08'),
(796, 'T', '24.7', '2024-05-23 22:18:20'),
(797, 'H', '46', '2024-05-23 22:18:20'),
(798, 'C', '526', '2024-05-23 22:18:20'),
(799, 'T', '24.7', '2024-05-23 22:20:32'),
(800, 'H', '46', '2024-05-23 22:20:32'),
(801, 'C', '527', '2024-05-23 22:20:32'),
(802, 'T', '24.7', '2024-05-23 22:22:44'),
(803, 'H', '46', '2024-05-23 22:22:44'),
(804, 'C', '522', '2024-05-23 22:22:44'),
(805, 'T', '24.6', '2024-05-23 22:24:55'),
(806, 'H', '46', '2024-05-23 22:24:55'),
(807, 'C', '527', '2024-05-23 22:24:55'),
(808, 'T', '24.6', '2024-05-23 22:27:07'),
(809, 'H', '46', '2024-05-23 22:27:07'),
(810, 'C', '528', '2024-05-23 22:27:07'),
(811, 'T', '24.6', '2024-05-23 22:29:19'),
(812, 'H', '46', '2024-05-23 22:29:19'),
(813, 'C', '528', '2024-05-23 22:29:19'),
(814, 'T', '24.6', '2024-05-23 22:31:31'),
(815, 'H', '46', '2024-05-23 22:31:31'),
(816, 'C', '526', '2024-05-23 22:31:31'),
(817, 'T', '24.6', '2024-05-23 22:33:43'),
(818, 'H', '46', '2024-05-23 22:33:43'),
(819, 'C', '519', '2024-05-23 22:33:43'),
(820, 'T', '24.6', '2024-05-23 22:35:55'),
(821, 'H', '46', '2024-05-23 22:35:55'),
(822, 'C', '523', '2024-05-23 22:35:55'),
(823, 'T', '24.6', '2024-05-23 22:38:07'),
(824, 'H', '46', '2024-05-23 22:38:07'),
(825, 'C', '521', '2024-05-23 22:38:07'),
(826, 'T', '24.6', '2024-05-23 22:40:19'),
(827, 'H', '46', '2024-05-23 22:40:19'),
(828, 'C', '524', '2024-05-23 22:40:19'),
(829, 'T', '24.6', '2024-05-23 22:42:31'),
(830, 'H', '46', '2024-05-23 22:42:31'),
(831, 'C', '515', '2024-05-23 22:42:31'),
(832, 'T', '24.6', '2024-05-23 22:44:42'),
(833, 'H', '46', '2024-05-23 22:44:42'),
(834, 'C', '521', '2024-05-23 22:44:42'),
(835, 'T', '24.6', '2024-05-23 22:46:54'),
(836, 'H', '46', '2024-05-23 22:46:54'),
(837, 'C', '518', '2024-05-23 22:46:54'),
(838, 'T', '24.6', '2024-05-23 22:49:06'),
(839, 'H', '46', '2024-05-23 22:49:06'),
(840, 'C', '513', '2024-05-23 22:49:06'),
(841, 'T', '24.6', '2024-05-23 22:51:18'),
(842, 'H', '46', '2024-05-23 22:51:18'),
(843, 'C', '517', '2024-05-23 22:51:18'),
(844, 'T', '24.5', '2024-05-23 22:53:30'),
(845, 'H', '46', '2024-05-23 22:53:30'),
(846, 'C', '528', '2024-05-23 22:53:30'),
(847, 'T', '24.6', '2024-05-23 22:55:42'),
(848, 'H', '47', '2024-05-23 22:55:42'),
(849, 'C', '513', '2024-05-23 22:55:42'),
(850, 'T', '24.5', '2024-05-23 22:57:54'),
(851, 'H', '47', '2024-05-23 22:57:54'),
(852, 'C', '517', '2024-05-23 22:57:54'),
(853, 'T', '24.5', '2024-05-23 23:00:06'),
(854, 'H', '47', '2024-05-23 23:00:06'),
(855, 'C', '513', '2024-05-23 23:00:06'),
(856, 'T', '24.5', '2024-05-23 23:02:18'),
(857, 'H', '47', '2024-05-23 23:02:18'),
(858, 'C', '514', '2024-05-23 23:02:18'),
(859, 'T', '24.5', '2024-05-23 23:04:29'),
(860, 'H', '47', '2024-05-23 23:04:29'),
(861, 'C', '512', '2024-05-23 23:04:29'),
(862, 'T', '24.5', '2024-05-23 23:06:41'),
(863, 'H', '47', '2024-05-23 23:06:41'),
(864, 'C', '515', '2024-05-23 23:06:41'),
(865, 'T', '24.5', '2024-05-23 23:08:53'),
(866, 'H', '47', '2024-05-23 23:08:53'),
(867, 'C', '516', '2024-05-23 23:08:53'),
(868, 'T', '24.5', '2024-05-23 23:11:05'),
(869, 'H', '47', '2024-05-23 23:11:05'),
(870, 'C', '520', '2024-05-23 23:11:05'),
(871, 'T', '24.6', '2024-05-23 23:13:17'),
(872, 'H', '47', '2024-05-23 23:13:17'),
(873, 'C', '513', '2024-05-23 23:13:17'),
(874, 'T', '24.5', '2024-05-23 23:15:29'),
(875, 'H', '47', '2024-05-23 23:15:29'),
(876, 'C', '510', '2024-05-23 23:15:29'),
(877, 'T', '24.5', '2024-05-23 23:17:41'),
(878, 'H', '47', '2024-05-23 23:17:41'),
(879, 'C', '512', '2024-05-23 23:17:41'),
(880, 'T', '24.5', '2024-05-23 23:19:53'),
(881, 'H', '47', '2024-05-23 23:19:53'),
(882, 'C', '511', '2024-05-23 23:19:53'),
(883, 'T', '24.5', '2024-05-23 23:22:05'),
(884, 'H', '47', '2024-05-23 23:22:05'),
(885, 'C', '503', '2024-05-23 23:22:05'),
(886, 'T', '24.5', '2024-05-23 23:24:17'),
(887, 'H', '47', '2024-05-23 23:24:17'),
(888, 'C', '508', '2024-05-23 23:24:17'),
(889, 'T', '24.5', '2024-05-23 23:26:28'),
(890, 'H', '47', '2024-05-23 23:26:28'),
(891, 'C', '506', '2024-05-23 23:26:28'),
(892, 'T', '24.5', '2024-05-23 23:28:40'),
(893, 'H', '47', '2024-05-23 23:28:40'),
(894, 'C', '508', '2024-05-23 23:28:40'),
(895, 'T', '24.5', '2024-05-23 23:30:52'),
(896, 'H', '47', '2024-05-23 23:30:52'),
(897, 'C', '504', '2024-05-23 23:30:52'),
(898, 'T', '24.5', '2024-05-23 23:33:04'),
(899, 'H', '47', '2024-05-23 23:33:04'),
(900, 'C', '509', '2024-05-23 23:33:04'),
(901, 'T', '24.5', '2024-05-23 23:35:16'),
(902, 'H', '47', '2024-05-23 23:35:16'),
(903, 'C', '502', '2024-05-23 23:35:16'),
(904, 'T', '24.5', '2024-05-23 23:37:28'),
(905, 'H', '47', '2024-05-23 23:37:28'),
(906, 'C', '504', '2024-05-23 23:37:28'),
(907, 'T', '24.5', '2024-05-23 23:39:40'),
(908, 'H', '47', '2024-05-23 23:39:40'),
(909, 'C', '501', '2024-05-23 23:39:40'),
(910, 'T', '24.5', '2024-05-23 23:41:52'),
(911, 'H', '47', '2024-05-23 23:41:52'),
(912, 'C', '506', '2024-05-23 23:41:52'),
(913, 'T', '24.5', '2024-05-23 23:44:04'),
(914, 'H', '47', '2024-05-23 23:44:04'),
(915, 'C', '510', '2024-05-23 23:44:04'),
(916, 'T', '24.5', '2024-05-23 23:46:15'),
(917, 'H', '47', '2024-05-23 23:46:15'),
(918, 'C', '507', '2024-05-23 23:46:15'),
(919, 'T', '24.5', '2024-05-23 23:48:27'),
(920, 'H', '47', '2024-05-23 23:48:27'),
(921, 'C', '498', '2024-05-23 23:48:27'),
(922, 'T', '24.5', '2024-05-23 23:50:39'),
(923, 'H', '47', '2024-05-23 23:50:39'),
(924, 'C', '505', '2024-05-23 23:50:39'),
(925, 'T', '24.5', '2024-05-23 23:52:51'),
(926, 'H', '47', '2024-05-23 23:52:51'),
(927, 'C', '503', '2024-05-23 23:52:51'),
(928, 'T', '24.4', '2024-05-23 23:55:03'),
(929, 'H', '47', '2024-05-23 23:55:03'),
(930, 'C', '504', '2024-05-23 23:55:03'),
(931, 'T', '24.4', '2024-05-23 23:57:15'),
(932, 'H', '47', '2024-05-23 23:57:15'),
(933, 'C', '503', '2024-05-23 23:57:15'),
(934, 'T', '24.4', '2024-05-23 23:59:27'),
(935, 'H', '47', '2024-05-23 23:59:27'),
(936, 'C', '500', '2024-05-23 23:59:27'),
(937, 'T', '24.4', '2024-05-24 00:01:39'),
(938, 'H', '47', '2024-05-24 00:01:39'),
(939, 'C', '505', '2024-05-24 00:01:39'),
(940, 'T', '24.4', '2024-05-24 00:03:51'),
(941, 'H', '47', '2024-05-24 00:03:51'),
(942, 'C', '498', '2024-05-24 00:03:51'),
(943, 'T', '24.4', '2024-05-24 00:06:02'),
(944, 'H', '47', '2024-05-24 00:06:02'),
(945, 'C', '506', '2024-05-24 00:06:02'),
(946, 'T', '24.4', '2024-05-24 00:08:14'),
(947, 'H', '47', '2024-05-24 00:08:14'),
(948, 'C', '501', '2024-05-24 00:08:14'),
(949, 'T', '24.4', '2024-05-24 00:10:26'),
(950, 'H', '47', '2024-05-24 00:10:26'),
(951, 'C', '492', '2024-05-24 00:10:26'),
(952, 'T', '24.4', '2024-05-24 00:12:38'),
(953, 'H', '47', '2024-05-24 00:12:38'),
(954, 'C', '498', '2024-05-24 00:12:38'),
(955, 'T', '24.4', '2024-05-24 00:14:50'),
(956, 'H', '47', '2024-05-24 00:14:50'),
(957, 'C', '498', '2024-05-24 00:14:50'),
(958, 'T', '24.4', '2024-05-24 00:17:02'),
(959, 'H', '47', '2024-05-24 00:17:02'),
(960, 'C', '499', '2024-05-24 00:17:02'),
(961, 'T', '24.4', '2024-05-24 00:19:14'),
(962, 'H', '47', '2024-05-24 00:19:14'),
(963, 'C', '498', '2024-05-24 00:19:14'),
(964, 'T', '24.4', '2024-05-24 00:21:26'),
(965, 'H', '47', '2024-05-24 00:21:26'),
(966, 'C', '502', '2024-05-24 00:21:26'),
(967, 'T', '24.4', '2024-05-24 00:23:38'),
(968, 'H', '47', '2024-05-24 00:23:38'),
(969, 'C', '502', '2024-05-24 00:23:38'),
(970, 'T', '24.4', '2024-05-24 00:25:49'),
(971, 'H', '47', '2024-05-24 00:25:49'),
(972, 'C', '503', '2024-05-24 00:25:49'),
(973, 'T', '24.4', '2024-05-24 00:28:01'),
(974, 'H', '47', '2024-05-24 00:28:01'),
(975, 'C', '502', '2024-05-24 00:28:01'),
(976, 'T', '24.4', '2024-05-24 00:30:13'),
(977, 'H', '47', '2024-05-24 00:30:13'),
(978, 'C', '497', '2024-05-24 00:30:13'),
(979, 'T', '24.4', '2024-05-24 00:32:25'),
(980, 'H', '47', '2024-05-24 00:32:25'),
(981, 'C', '499', '2024-05-24 00:32:25'),
(982, 'T', '24.4', '2024-05-24 00:34:37'),
(983, 'H', '47', '2024-05-24 00:34:37'),
(984, 'C', '494', '2024-05-24 00:34:37'),
(985, 'T', '24.3', '2024-05-24 00:36:49'),
(986, 'H', '47', '2024-05-24 00:36:49'),
(987, 'C', '494', '2024-05-24 00:36:49'),
(988, 'T', '24.4', '2024-05-24 00:39:01'),
(989, 'H', '47', '2024-05-24 00:39:01'),
(990, 'C', '492', '2024-05-24 00:39:01'),
(991, 'T', '24.3', '2024-05-24 00:41:13'),
(992, 'H', '47', '2024-05-24 00:41:13'),
(993, 'C', '490', '2024-05-24 00:41:13'),
(994, 'T', '24.4', '2024-05-24 00:43:25'),
(995, 'H', '47', '2024-05-24 00:43:25'),
(996, 'C', '490', '2024-05-24 00:43:25'),
(997, 'T', '24.4', '2024-05-24 00:45:37'),
(998, 'H', '47', '2024-05-24 00:45:37'),
(999, 'C', '491', '2024-05-24 00:45:37'),
(1000, 'T', '24.3', '2024-05-24 00:47:48'),
(1001, 'H', '47', '2024-05-24 00:47:48'),
(1002, 'C', '491', '2024-05-24 00:47:48'),
(1003, 'T', '24.3', '2024-05-24 00:50:00'),
(1004, 'H', '47', '2024-05-24 00:50:00'),
(1005, 'C', '492', '2024-05-24 00:50:00'),
(1006, 'T', '24.3', '2024-05-24 00:52:12'),
(1007, 'H', '47', '2024-05-24 00:52:12'),
(1008, 'C', '490', '2024-05-24 00:52:12'),
(1009, 'T', '24.3', '2024-05-24 00:54:24'),
(1010, 'H', '47', '2024-05-24 00:54:24'),
(1011, 'C', '487', '2024-05-24 00:54:24'),
(1012, 'T', '24.3', '2024-05-24 00:56:36'),
(1013, 'H', '47', '2024-05-24 00:56:36'),
(1014, 'C', '495', '2024-05-24 00:56:36'),
(1015, 'T', '24.3', '2024-05-24 00:58:48'),
(1016, 'H', '47', '2024-05-24 00:58:48'),
(1017, 'C', '491', '2024-05-24 00:58:48'),
(1018, 'T', '24.3', '2024-05-24 01:01:00'),
(1019, 'H', '47', '2024-05-24 01:01:00'),
(1020, 'C', '486', '2024-05-24 01:01:00'),
(1021, 'T', '24.3', '2024-05-24 01:03:12'),
(1022, 'H', '47', '2024-05-24 01:03:12'),
(1023, 'C', '489', '2024-05-24 01:03:12'),
(1024, 'T', '24.3', '2024-05-24 01:05:24'),
(1025, 'H', '47', '2024-05-24 01:05:24'),
(1026, 'C', '495', '2024-05-24 01:05:24'),
(1027, 'T', '24.3', '2024-05-24 01:07:35'),
(1028, 'H', '47', '2024-05-24 01:07:35'),
(1029, 'C', '485', '2024-05-24 01:07:35'),
(1030, 'T', '24.3', '2024-05-24 01:09:47'),
(1031, 'H', '47', '2024-05-24 01:09:47'),
(1032, 'C', '490', '2024-05-24 01:09:47'),
(1033, 'T', '24.3', '2024-05-24 01:11:59'),
(1034, 'H', '47', '2024-05-24 01:11:59'),
(1035, 'C', '496', '2024-05-24 01:11:59'),
(1036, 'T', '24.3', '2024-05-24 01:14:11'),
(1037, 'H', '47', '2024-05-24 01:14:11'),
(1038, 'C', '487', '2024-05-24 01:14:11'),
(1039, 'T', '24.3', '2024-05-24 01:16:23'),
(1040, 'H', '47', '2024-05-24 01:16:23'),
(1041, 'C', '485', '2024-05-24 01:16:23'),
(1042, 'T', '24.3', '2024-05-24 01:18:35'),
(1043, 'H', '47', '2024-05-24 01:18:35'),
(1044, 'C', '487', '2024-05-24 01:18:35'),
(1045, 'T', '24.3', '2024-05-24 01:20:47'),
(1046, 'H', '47', '2024-05-24 01:20:47'),
(1047, 'C', '487', '2024-05-24 01:20:47'),
(1048, 'T', '24.3', '2024-05-24 01:22:59'),
(1049, 'H', '47', '2024-05-24 01:22:59'),
(1050, 'C', '481', '2024-05-24 01:22:59'),
(1051, 'T', '24.3', '2024-05-24 01:25:11'),
(1052, 'H', '47', '2024-05-24 01:25:11'),
(1053, 'C', '486', '2024-05-24 01:25:11'),
(1054, 'T', '24.3', '2024-05-24 01:27:22'),
(1055, 'H', '47', '2024-05-24 01:27:22'),
(1056, 'C', '485', '2024-05-24 01:27:22'),
(1057, 'T', '24.3', '2024-05-24 01:29:34'),
(1058, 'H', '47', '2024-05-24 01:29:34'),
(1059, 'C', '488', '2024-05-24 01:29:34'),
(1060, 'T', '24.3', '2024-05-24 01:31:46'),
(1061, 'H', '47', '2024-05-24 01:31:46'),
(1062, 'C', '485', '2024-05-24 01:31:46'),
(1063, 'T', '24.3', '2024-05-24 01:33:58'),
(1064, 'H', '47', '2024-05-24 01:33:58'),
(1065, 'C', '488', '2024-05-24 01:33:58'),
(1066, 'T', '24.3', '2024-05-24 01:36:10'),
(1067, 'H', '47', '2024-05-24 01:36:10'),
(1068, 'C', '487', '2024-05-24 01:36:10'),
(1069, 'T', '24.3', '2024-05-24 01:38:22'),
(1070, 'H', '47', '2024-05-24 01:38:22'),
(1071, 'C', '486', '2024-05-24 01:38:22'),
(1072, 'T', '24.3', '2024-05-24 01:40:34'),
(1073, 'H', '47', '2024-05-24 01:40:34'),
(1074, 'C', '483', '2024-05-24 01:40:34'),
(1075, 'T', '24.3', '2024-05-24 01:42:46'),
(1076, 'H', '47', '2024-05-24 01:42:46'),
(1077, 'C', '484', '2024-05-24 01:42:46'),
(1078, 'T', '24.3', '2024-05-24 01:44:58'),
(1079, 'H', '47', '2024-05-24 01:44:58'),
(1080, 'C', '479', '2024-05-24 01:44:58'),
(1081, 'T', '24.3', '2024-05-24 01:47:10'),
(1082, 'H', '47', '2024-05-24 01:47:10'),
(1083, 'C', '483', '2024-05-24 01:47:10'),
(1084, 'T', '24.3', '2024-05-24 01:49:21'),
(1085, 'H', '47', '2024-05-24 01:49:21'),
(1086, 'C', '482', '2024-05-24 01:49:21'),
(1087, 'T', '24.2', '2024-05-24 01:51:33'),
(1088, 'H', '47', '2024-05-24 01:51:33'),
(1089, 'C', '479', '2024-05-24 01:51:33'),
(1090, 'T', '24.3', '2024-05-24 01:53:45'),
(1091, 'H', '47', '2024-05-24 01:53:45'),
(1092, 'C', '480', '2024-05-24 01:53:45'),
(1093, 'T', '24.2', '2024-05-24 01:55:57'),
(1094, 'H', '47', '2024-05-24 01:55:57'),
(1095, 'C', '478', '2024-05-24 01:55:57'),
(1096, 'T', '24.2', '2024-05-24 01:58:09'),
(1097, 'H', '47', '2024-05-24 01:58:09'),
(1098, 'C', '482', '2024-05-24 01:58:09'),
(1099, 'T', '24.2', '2024-05-24 02:00:21'),
(1100, 'H', '47', '2024-05-24 02:00:21'),
(1101, 'C', '477', '2024-05-24 02:00:21'),
(1102, 'T', '24.2', '2024-05-24 02:02:33'),
(1103, 'H', '47', '2024-05-24 02:02:33'),
(1104, 'C', '483', '2024-05-24 02:02:33'),
(1105, 'T', '24.2', '2024-05-24 02:04:45'),
(1106, 'H', '47', '2024-05-24 02:04:45'),
(1107, 'C', '481', '2024-05-24 02:04:45'),
(1108, 'T', '24.2', '2024-05-24 02:06:57'),
(1109, 'H', '47', '2024-05-24 02:06:57'),
(1110, 'C', '484', '2024-05-24 02:06:57'),
(1111, 'T', '24.2', '2024-05-24 02:09:08'),
(1112, 'H', '47', '2024-05-24 02:09:08'),
(1113, 'C', '478', '2024-05-24 02:09:08'),
(1114, 'T', '24.2', '2024-05-24 02:11:20'),
(1115, 'H', '47', '2024-05-24 02:11:20'),
(1116, 'C', '472', '2024-05-24 02:11:20'),
(1117, 'T', '24.2', '2024-05-24 02:13:32'),
(1118, 'H', '47', '2024-05-24 02:13:32'),
(1119, 'C', '482', '2024-05-24 02:13:32'),
(1120, 'T', '24.2', '2024-05-24 02:15:44'),
(1121, 'H', '47', '2024-05-24 02:15:44'),
(1122, 'C', '478', '2024-05-24 02:15:44'),
(1123, 'T', '24.2', '2024-05-24 02:17:56'),
(1124, 'H', '47', '2024-05-24 02:17:56'),
(1125, 'C', '475', '2024-05-24 02:17:56'),
(1126, 'T', '24.2', '2024-05-24 02:20:08'),
(1127, 'H', '47', '2024-05-24 02:20:08'),
(1128, 'C', '483', '2024-05-24 02:20:08'),
(1129, 'T', '24.2', '2024-05-24 02:22:20'),
(1130, 'H', '47', '2024-05-24 02:22:20'),
(1131, 'C', '480', '2024-05-24 02:22:20'),
(1132, 'T', '24.2', '2024-05-24 02:24:32'),
(1133, 'H', '47', '2024-05-24 02:24:32'),
(1134, 'C', '471', '2024-05-24 02:24:32'),
(1135, 'T', '24.2', '2024-05-24 02:26:44'),
(1136, 'H', '47', '2024-05-24 02:26:44'),
(1137, 'C', '481', '2024-05-24 02:26:44'),
(1138, 'T', '24.2', '2024-05-24 02:28:55'),
(1139, 'H', '47', '2024-05-24 02:28:55'),
(1140, 'C', '472', '2024-05-24 02:28:55'),
(1141, 'T', '24.2', '2024-05-24 02:31:07'),
(1142, 'H', '47', '2024-05-24 02:31:07'),
(1143, 'C', '479', '2024-05-24 02:31:07'),
(1144, 'T', '24.2', '2024-05-24 02:33:19'),
(1145, 'H', '47', '2024-05-24 02:33:19'),
(1146, 'C', '479', '2024-05-24 02:33:19'),
(1147, 'T', '24.2', '2024-05-24 02:35:31'),
(1148, 'H', '47', '2024-05-24 02:35:31'),
(1149, 'C', '472', '2024-05-24 02:35:31'),
(1150, 'T', '24.1', '2024-05-24 02:37:43'),
(1151, 'H', '47', '2024-05-24 02:37:43'),
(1152, 'C', '478', '2024-05-24 02:37:43'),
(1153, 'T', '24.2', '2024-05-24 02:39:55'),
(1154, 'H', '47', '2024-05-24 02:39:55'),
(1155, 'C', '475', '2024-05-24 02:39:55'),
(1156, 'T', '24.2', '2024-05-24 02:42:07'),
(1157, 'H', '47', '2024-05-24 02:42:07'),
(1158, 'C', '474', '2024-05-24 02:42:07'),
(1159, 'T', '24.2', '2024-05-24 02:44:19'),
(1160, 'H', '47', '2024-05-24 02:44:19'),
(1161, 'C', '478', '2024-05-24 02:44:19'),
(1162, 'T', '24.2', '2024-05-24 02:46:31'),
(1163, 'H', '47', '2024-05-24 02:46:31'),
(1164, 'C', '469', '2024-05-24 02:46:31'),
(1165, 'T', '24.2', '2024-05-24 02:48:43'),
(1166, 'H', '47', '2024-05-24 02:48:43'),
(1167, 'C', '473', '2024-05-24 02:48:43'),
(1168, 'T', '24.2', '2024-05-24 02:50:54'),
(1169, 'H', '47', '2024-05-24 02:50:54'),
(1170, 'C', '474', '2024-05-24 02:50:54'),
(1171, 'T', '24.1', '2024-05-24 02:53:06'),
(1172, 'H', '47', '2024-05-24 02:53:06'),
(1173, 'C', '474', '2024-05-24 02:53:06'),
(1174, 'T', '24.2', '2024-05-24 02:55:18'),
(1175, 'H', '47', '2024-05-24 02:55:18'),
(1176, 'C', '471', '2024-05-24 02:55:18'),
(1177, 'T', '24.1', '2024-05-24 02:57:30'),
(1178, 'H', '47', '2024-05-24 02:57:30'),
(1179, 'C', '468', '2024-05-24 02:57:30'),
(1180, 'T', '24.1', '2024-05-24 02:59:42'),
(1181, 'H', '47', '2024-05-24 02:59:42'),
(1182, 'C', '474', '2024-05-24 02:59:42'),
(1183, 'T', '24.2', '2024-05-24 03:01:54'),
(1184, 'H', '47', '2024-05-24 03:01:54'),
(1185, 'C', '474', '2024-05-24 03:01:54'),
(1186, 'T', '24.1', '2024-05-24 03:04:06'),
(1187, 'H', '47', '2024-05-24 03:04:06'),
(1188, 'C', '475', '2024-05-24 03:04:06'),
(1189, 'T', '24.2', '2024-05-24 03:06:18'),
(1190, 'H', '47', '2024-05-24 03:06:18'),
(1191, 'C', '465', '2024-05-24 03:06:18'),
(1192, 'T', '24.1', '2024-05-24 03:08:30'),
(1193, 'H', '47', '2024-05-24 03:08:30'),
(1194, 'C', '465', '2024-05-24 03:08:30'),
(1195, 'T', '24.2', '2024-05-24 03:10:41'),
(1196, 'H', '47', '2024-05-24 03:10:41'),
(1197, 'C', '475', '2024-05-24 03:10:41'),
(1198, 'T', '24.1', '2024-05-24 03:12:53'),
(1199, 'H', '47', '2024-05-24 03:12:53'),
(1200, 'C', '475', '2024-05-24 03:12:53'),
(1201, 'T', '24.1', '2024-05-24 03:15:05'),
(1202, 'H', '47', '2024-05-24 03:15:05'),
(1203, 'C', '470', '2024-05-24 03:15:05'),
(1204, 'T', '24.1', '2024-05-24 03:17:17'),
(1205, 'H', '47', '2024-05-24 03:17:17'),
(1206, 'C', '464', '2024-05-24 03:17:17'),
(1207, 'T', '24.1', '2024-05-24 03:19:29'),
(1208, 'H', '47', '2024-05-24 03:19:29'),
(1209, 'C', '466', '2024-05-24 03:19:29'),
(1210, 'T', '24.1', '2024-05-24 03:21:41'),
(1211, 'H', '47', '2024-05-24 03:21:41'),
(1212, 'C', '468', '2024-05-24 03:21:41'),
(1213, 'T', '24.1', '2024-05-24 03:23:53'),
(1214, 'H', '47', '2024-05-24 03:23:53'),
(1215, 'C', '472', '2024-05-24 03:23:53'),
(1216, 'T', '24.1', '2024-05-24 03:26:05'),
(1217, 'H', '47', '2024-05-24 03:26:05'),
(1218, 'C', '466', '2024-05-24 03:26:05'),
(1219, 'T', '24.1', '2024-05-24 03:28:17'),
(1220, 'H', '47', '2024-05-24 03:28:17'),
(1221, 'C', '466', '2024-05-24 03:28:17'),
(1222, 'T', '24.1', '2024-05-24 03:30:28'),
(1223, 'H', '47', '2024-05-24 03:30:28'),
(1224, 'C', '470', '2024-05-24 03:30:28'),
(1225, 'T', '24.1', '2024-05-24 03:32:40'),
(1226, 'H', '47', '2024-05-24 03:32:40'),
(1227, 'C', '462', '2024-05-24 03:32:40'),
(1228, 'T', '24.1', '2024-05-24 03:34:52'),
(1229, 'H', '47', '2024-05-24 03:34:52'),
(1230, 'C', '472', '2024-05-24 03:34:52'),
(1231, 'T', '24.1', '2024-05-24 03:37:04'),
(1232, 'H', '47', '2024-05-24 03:37:04'),
(1233, 'C', '468', '2024-05-24 03:37:04'),
(1234, 'T', '24.1', '2024-05-24 03:39:16'),
(1235, 'H', '47', '2024-05-24 03:39:16'),
(1236, 'C', '462', '2024-05-24 03:39:16'),
(1237, 'T', '24.1', '2024-05-24 03:41:28'),
(1238, 'H', '47', '2024-05-24 03:41:28'),
(1239, 'C', '467', '2024-05-24 03:41:28'),
(1240, 'T', '24.1', '2024-05-24 03:43:40'),
(1241, 'H', '47', '2024-05-24 03:43:40'),
(1242, 'C', '461', '2024-05-24 03:43:40'),
(1243, 'T', '24.1', '2024-05-24 03:45:52'),
(1244, 'H', '47', '2024-05-24 03:45:52'),
(1245, 'C', '460', '2024-05-24 03:45:52');
INSERT INTO `CAPTEUR` (`ID_CAPTEUR`, `ID_TYPE_CAPTEUR`, `MESURE`, `TIME`) VALUES
(1246, 'T', '24.1', '2024-05-24 03:48:04'),
(1247, 'H', '47', '2024-05-24 03:48:04'),
(1248, 'C', '467', '2024-05-24 03:48:04'),
(1249, 'T', '24.1', '2024-05-24 03:50:15'),
(1250, 'H', '47', '2024-05-24 03:50:15'),
(1251, 'C', '464', '2024-05-24 03:50:15'),
(1252, 'T', '24.1', '2024-05-24 03:52:27'),
(1253, 'H', '47', '2024-05-24 03:52:27'),
(1254, 'C', '467', '2024-05-24 03:52:27'),
(1255, 'T', '24.1', '2024-05-24 03:54:39'),
(1256, 'H', '47', '2024-05-24 03:54:39'),
(1257, 'C', '459', '2024-05-24 03:54:39'),
(1258, 'T', '24.1', '2024-05-24 03:56:51'),
(1259, 'H', '47', '2024-05-24 03:56:51'),
(1260, 'C', '460', '2024-05-24 03:56:51'),
(1261, 'T', '24.1', '2024-05-24 03:59:03'),
(1262, 'H', '47', '2024-05-24 03:59:03'),
(1263, 'C', '463', '2024-05-24 03:59:03'),
(1264, 'T', '24.1', '2024-05-24 04:01:15'),
(1265, 'H', '47', '2024-05-24 04:01:15'),
(1266, 'C', '464', '2024-05-24 04:01:15'),
(1267, 'T', '24.1', '2024-05-24 04:03:27'),
(1268, 'H', '47', '2024-05-24 04:03:27'),
(1269, 'C', '464', '2024-05-24 04:03:27'),
(1270, 'T', '24.1', '2024-05-24 04:05:39'),
(1271, 'H', '47', '2024-05-24 04:05:39'),
(1272, 'C', '461', '2024-05-24 04:05:39'),
(1273, 'T', '24.1', '2024-05-24 04:07:51'),
(1274, 'H', '47', '2024-05-24 04:07:51'),
(1275, 'C', '458', '2024-05-24 04:07:51'),
(1276, 'T', '24.1', '2024-05-24 04:10:03'),
(1277, 'H', '47', '2024-05-24 04:10:03'),
(1278, 'C', '455', '2024-05-24 04:10:03'),
(1279, 'T', '24.1', '2024-05-24 04:12:14'),
(1280, 'H', '47', '2024-05-24 04:12:14'),
(1281, 'C', '461', '2024-05-24 04:12:14'),
(1282, 'T', '24', '2024-05-24 04:14:26'),
(1283, 'H', '47', '2024-05-24 04:14:26'),
(1284, 'C', '464', '2024-05-24 04:14:26'),
(1285, 'T', '24.1', '2024-05-24 04:16:38'),
(1286, 'H', '47', '2024-05-24 04:16:38'),
(1287, 'C', '462', '2024-05-24 04:16:38'),
(1288, 'T', '24.1', '2024-05-24 04:18:50'),
(1289, 'H', '47', '2024-05-24 04:18:50'),
(1290, 'C', '458', '2024-05-24 04:18:50'),
(1291, 'T', '24.1', '2024-05-24 04:21:02'),
(1292, 'H', '47', '2024-05-24 04:21:02'),
(1293, 'C', '459', '2024-05-24 04:21:02'),
(1294, 'T', '24.1', '2024-05-24 04:23:14'),
(1295, 'H', '47', '2024-05-24 04:23:14'),
(1296, 'C', '463', '2024-05-24 04:23:14'),
(1297, 'T', '24.1', '2024-05-24 04:25:26'),
(1298, 'H', '47', '2024-05-24 04:25:26'),
(1299, 'C', '455', '2024-05-24 04:25:26'),
(1300, 'T', '24.1', '2024-05-24 04:27:38'),
(1301, 'H', '47', '2024-05-24 04:27:38'),
(1302, 'C', '457', '2024-05-24 04:27:38'),
(1303, 'T', '24.1', '2024-05-24 04:29:50'),
(1304, 'H', '47', '2024-05-24 04:29:50'),
(1305, 'C', '460', '2024-05-24 04:29:50'),
(1306, 'T', '24', '2024-05-24 04:32:01'),
(1307, 'H', '47', '2024-05-24 04:32:01'),
(1308, 'C', '462', '2024-05-24 04:32:01'),
(1309, 'T', '24', '2024-05-24 04:34:13'),
(1310, 'H', '47', '2024-05-24 04:34:13'),
(1311, 'C', '455', '2024-05-24 04:34:13'),
(1312, 'T', '24.1', '2024-05-24 04:36:25'),
(1313, 'H', '47', '2024-05-24 04:36:25'),
(1314, 'C', '460', '2024-05-24 04:36:25'),
(1315, 'T', '24.1', '2024-05-24 04:38:37'),
(1316, 'H', '47', '2024-05-24 04:38:37'),
(1317, 'C', '458', '2024-05-24 04:38:37'),
(1318, 'T', '24.1', '2024-05-24 04:40:49'),
(1319, 'H', '47', '2024-05-24 04:40:49'),
(1320, 'C', '458', '2024-05-24 04:40:49'),
(1321, 'T', '24', '2024-05-24 04:43:01'),
(1322, 'H', '47', '2024-05-24 04:43:01'),
(1323, 'C', '458', '2024-05-24 04:43:01'),
(1324, 'T', '24.1', '2024-05-24 04:45:13'),
(1325, 'H', '47', '2024-05-24 04:45:13'),
(1326, 'C', '459', '2024-05-24 04:45:13'),
(1327, 'T', '24', '2024-05-24 04:47:25'),
(1328, 'H', '47', '2024-05-24 04:47:25'),
(1329, 'C', '457', '2024-05-24 04:47:25'),
(1330, 'T', '24', '2024-05-24 04:49:37'),
(1331, 'H', '47', '2024-05-24 04:49:37'),
(1332, 'C', '456', '2024-05-24 04:49:37'),
(1333, 'T', '24', '2024-05-24 04:51:48'),
(1334, 'H', '47', '2024-05-24 04:51:48'),
(1335, 'C', '460', '2024-05-24 04:51:48'),
(1336, 'T', '24', '2024-05-24 04:54:00'),
(1337, 'H', '47', '2024-05-24 04:54:00'),
(1338, 'C', '457', '2024-05-24 04:54:00'),
(1339, 'T', '24.1', '2024-05-24 04:56:12'),
(1340, 'H', '47', '2024-05-24 04:56:12'),
(1341, 'C', '465', '2024-05-24 04:56:12'),
(1342, 'T', '24', '2024-05-24 04:58:24'),
(1343, 'H', '47', '2024-05-24 04:58:24'),
(1344, 'C', '449', '2024-05-24 04:58:24'),
(1345, 'T', '24', '2024-05-24 05:00:36'),
(1346, 'H', '47', '2024-05-24 05:00:36'),
(1347, 'C', '450', '2024-05-24 05:00:36'),
(1348, 'T', '24', '2024-05-24 05:02:48'),
(1349, 'H', '47', '2024-05-24 05:02:48'),
(1350, 'C', '454', '2024-05-24 05:02:48'),
(1351, 'T', '24', '2024-05-24 05:05:00'),
(1352, 'H', '47', '2024-05-24 05:05:00'),
(1353, 'C', '450', '2024-05-24 05:05:00'),
(1354, 'T', '24.1', '2024-05-24 05:07:12'),
(1355, 'H', '47', '2024-05-24 05:07:12'),
(1356, 'C', '448', '2024-05-24 05:07:12'),
(1357, 'T', '24.1', '2024-05-24 05:09:24'),
(1358, 'H', '47', '2024-05-24 05:09:24'),
(1359, 'C', '452', '2024-05-24 05:09:24'),
(1360, 'T', '24', '2024-05-24 05:11:36'),
(1361, 'H', '47', '2024-05-24 05:11:36'),
(1362, 'C', '454', '2024-05-24 05:11:36'),
(1363, 'T', '24.1', '2024-05-24 05:13:47'),
(1364, 'H', '47', '2024-05-24 05:13:47'),
(1365, 'C', '452', '2024-05-24 05:13:47'),
(1366, 'T', '24', '2024-05-24 05:15:59'),
(1367, 'H', '47', '2024-05-24 05:15:59'),
(1368, 'C', '452', '2024-05-24 05:15:59'),
(1369, 'T', '24.1', '2024-05-24 05:18:11'),
(1370, 'H', '47', '2024-05-24 05:18:11'),
(1371, 'C', '453', '2024-05-24 05:18:11'),
(1372, 'T', '24.1', '2024-05-24 05:20:23'),
(1373, 'H', '47', '2024-05-24 05:20:23'),
(1374, 'C', '452', '2024-05-24 05:20:23'),
(1375, 'T', '24', '2024-05-24 05:22:35'),
(1376, 'H', '47', '2024-05-24 05:22:35'),
(1377, 'C', '450', '2024-05-24 05:22:35'),
(1378, 'T', '24.1', '2024-05-24 05:24:47'),
(1379, 'H', '47', '2024-05-24 05:24:47'),
(1380, 'C', '450', '2024-05-24 05:24:47'),
(1381, 'T', '24.1', '2024-05-24 05:26:59'),
(1382, 'H', '47', '2024-05-24 05:26:59'),
(1383, 'C', '451', '2024-05-24 05:26:59'),
(1384, 'T', '24', '2024-05-24 05:29:11'),
(1385, 'H', '47', '2024-05-24 05:29:11'),
(1386, 'C', '449', '2024-05-24 05:29:11'),
(1387, 'T', '24', '2024-05-24 05:31:23'),
(1388, 'H', '47', '2024-05-24 05:31:23'),
(1389, 'C', '450', '2024-05-24 05:31:23'),
(1390, 'T', '24.1', '2024-05-24 05:33:34'),
(1391, 'H', '47', '2024-05-24 05:33:34'),
(1392, 'C', '449', '2024-05-24 05:33:34'),
(1393, 'T', '24.1', '2024-05-24 05:35:46'),
(1394, 'H', '47', '2024-05-24 05:35:46'),
(1395, 'C', '450', '2024-05-24 05:35:46'),
(1396, 'T', '24', '2024-05-24 05:37:58'),
(1397, 'H', '47', '2024-05-24 05:37:58'),
(1398, 'C', '449', '2024-05-24 05:37:58'),
(1399, 'T', '24.1', '2024-05-24 05:40:10'),
(1400, 'H', '47', '2024-05-24 05:40:10'),
(1401, 'C', '447', '2024-05-24 05:40:10'),
(1402, 'T', '24', '2024-05-24 05:42:22'),
(1403, 'H', '47', '2024-05-24 05:42:22'),
(1404, 'C', '447', '2024-05-24 05:42:22'),
(1405, 'T', '24.1', '2024-05-24 05:44:34'),
(1406, 'H', '47', '2024-05-24 05:44:34'),
(1407, 'C', '448', '2024-05-24 05:44:34'),
(1408, 'T', '24.1', '2024-05-24 05:46:46'),
(1409, 'H', '47', '2024-05-24 05:46:46'),
(1410, 'C', '453', '2024-05-24 05:46:46'),
(1411, 'T', '24.1', '2024-05-24 05:48:58'),
(1412, 'H', '47', '2024-05-24 05:48:58'),
(1413, 'C', '448', '2024-05-24 05:48:58'),
(1414, 'T', '24.1', '2024-05-24 05:51:10'),
(1415, 'H', '47', '2024-05-24 05:51:10'),
(1416, 'C', '448', '2024-05-24 05:51:10'),
(1417, 'T', '24.1', '2024-05-24 05:53:21'),
(1418, 'H', '47', '2024-05-24 05:53:21'),
(1419, 'C', '453', '2024-05-24 05:53:21'),
(1420, 'T', '24.1', '2024-05-24 05:55:33'),
(1421, 'H', '47', '2024-05-24 05:55:33'),
(1422, 'C', '446', '2024-05-24 05:55:33'),
(1423, 'T', '24.1', '2024-05-24 05:57:45'),
(1424, 'H', '47', '2024-05-24 05:57:45'),
(1425, 'C', '450', '2024-05-24 05:57:45'),
(1426, 'T', '24', '2024-05-24 05:59:57'),
(1427, 'H', '47', '2024-05-24 05:59:57'),
(1428, 'C', '449', '2024-05-24 05:59:57'),
(1429, 'T', '24.1', '2024-05-24 06:02:09'),
(1430, 'H', '47', '2024-05-24 06:02:09'),
(1431, 'C', '481', '2024-05-24 06:02:09'),
(1432, 'T', '24.1', '2024-05-24 06:04:21'),
(1433, 'H', '47', '2024-05-24 06:04:21'),
(1434, 'C', '499', '2024-05-24 06:04:21'),
(1435, 'T', '24', '2024-05-24 06:06:33'),
(1436, 'H', '46', '2024-05-24 06:06:33'),
(1437, 'C', '502', '2024-05-24 06:06:33'),
(1438, 'T', '24', '2024-05-24 06:08:45'),
(1439, 'H', '46', '2024-05-24 06:08:45'),
(1440, 'C', '510', '2024-05-24 06:08:45'),
(1441, 'T', '24.1', '2024-05-24 06:10:57'),
(1442, 'H', '46', '2024-05-24 06:10:57'),
(1443, 'C', '518', '2024-05-24 06:10:57'),
(1444, 'T', '24.1', '2024-05-24 06:13:08'),
(1445, 'H', '46', '2024-05-24 06:13:08'),
(1446, 'C', '527', '2024-05-24 06:13:08'),
(1447, 'T', '24', '2024-05-24 06:15:20'),
(1448, 'H', '46', '2024-05-24 06:15:20'),
(1449, 'C', '536', '2024-05-24 06:15:20'),
(1450, 'T', '24', '2024-05-24 06:17:32'),
(1451, 'H', '46', '2024-05-24 06:17:32'),
(1452, 'C', '538', '2024-05-24 06:17:32'),
(1453, 'T', '24', '2024-05-24 06:19:44'),
(1454, 'H', '46', '2024-05-24 06:19:44'),
(1455, 'C', '532', '2024-05-24 06:19:44'),
(1456, 'T', '24', '2024-05-24 06:21:56'),
(1457, 'H', '46', '2024-05-24 06:21:56'),
(1458, 'C', '539', '2024-05-24 06:21:56'),
(1459, 'T', '24', '2024-05-24 06:24:08'),
(1460, 'H', '46', '2024-05-24 06:24:08'),
(1461, 'C', '541', '2024-05-24 06:24:08'),
(1462, 'T', '24.1', '2024-05-24 06:26:20'),
(1463, 'H', '46', '2024-05-24 06:26:20'),
(1464, 'C', '536', '2024-05-24 06:26:20'),
(1465, 'T', '24', '2024-05-24 06:28:32'),
(1466, 'H', '46', '2024-05-24 06:28:32'),
(1467, 'C', '535', '2024-05-24 06:28:32'),
(1468, 'T', '24.1', '2024-05-24 06:30:44'),
(1469, 'H', '46', '2024-05-24 06:30:44'),
(1470, 'C', '547', '2024-05-24 06:30:44'),
(1471, 'T', '24.1', '2024-05-24 06:32:56'),
(1472, 'H', '46', '2024-05-24 06:32:56'),
(1473, 'C', '520', '2024-05-24 06:32:56'),
(1474, 'T', '24.1', '2024-05-24 06:35:07'),
(1475, 'H', '46', '2024-05-24 06:35:07'),
(1476, 'C', '527', '2024-05-24 06:35:07'),
(1477, 'T', '24.1', '2024-05-24 06:37:19'),
(1478, 'H', '46', '2024-05-24 06:37:19'),
(1479, 'C', '518', '2024-05-24 06:37:19'),
(1480, 'T', '24', '2024-05-24 06:39:31'),
(1481, 'H', '46', '2024-05-24 06:39:31'),
(1482, 'C', '533', '2024-05-24 06:39:31'),
(1483, 'T', '24', '2024-05-24 06:41:43'),
(1484, 'H', '46', '2024-05-24 06:41:43'),
(1485, 'C', '525', '2024-05-24 06:41:43'),
(1486, 'T', '24', '2024-05-24 06:43:55'),
(1487, 'H', '46', '2024-05-24 06:43:55'),
(1488, 'C', '533', '2024-05-24 06:43:55'),
(1489, 'T', '24', '2024-05-24 06:46:07'),
(1490, 'H', '46', '2024-05-24 06:46:07'),
(1491, 'C', '529', '2024-05-24 06:46:07'),
(1492, 'T', '24', '2024-05-24 06:48:19'),
(1493, 'H', '46', '2024-05-24 06:48:19'),
(1494, 'C', '536', '2024-05-24 06:48:19'),
(1495, 'T', '24.1', '2024-05-24 06:50:31'),
(1496, 'H', '46', '2024-05-24 06:50:31'),
(1497, 'C', '547', '2024-05-24 06:50:31'),
(1498, 'T', '24', '2024-05-24 06:52:43'),
(1499, 'H', '46', '2024-05-24 06:52:43'),
(1500, 'C', '554', '2024-05-24 06:52:43'),
(1501, 'T', '24', '2024-05-24 06:54:54'),
(1502, 'H', '46', '2024-05-24 06:54:54'),
(1503, 'C', '554', '2024-05-24 06:54:54'),
(1504, 'T', '24', '2024-05-24 06:57:06'),
(1505, 'H', '46', '2024-05-24 06:57:06'),
(1506, 'C', '568', '2024-05-24 06:57:06'),
(1507, 'T', '24.1', '2024-05-24 06:59:18'),
(1508, 'H', '46', '2024-05-24 06:59:18'),
(1509, 'C', '558', '2024-05-24 06:59:18'),
(1510, 'T', '24.1', '2024-05-24 07:01:30'),
(1511, 'H', '46', '2024-05-24 07:01:30'),
(1512, 'C', '568', '2024-05-24 07:01:30'),
(1513, 'T', '24.1', '2024-05-24 07:03:42'),
(1514, 'H', '46', '2024-05-24 07:03:42'),
(1515, 'C', '566', '2024-05-24 07:03:42'),
(1516, 'T', '24.1', '2024-05-24 07:05:54'),
(1517, 'H', '46', '2024-05-24 07:05:54'),
(1518, 'C', '574', '2024-05-24 07:05:54'),
(1519, 'T', '24.1', '2024-05-24 07:08:06'),
(1520, 'H', '46', '2024-05-24 07:08:06'),
(1521, 'C', '580', '2024-05-24 07:08:06'),
(1522, 'T', '24.1', '2024-05-24 07:10:18'),
(1523, 'H', '46', '2024-05-24 07:10:18'),
(1524, 'C', '579', '2024-05-24 07:10:18'),
(1525, 'T', '24.1', '2024-05-24 07:12:30'),
(1526, 'H', '46', '2024-05-24 07:12:30'),
(1527, 'C', '596', '2024-05-24 07:12:30'),
(1528, 'T', '24.1', '2024-05-24 07:14:41'),
(1529, 'H', '46', '2024-05-24 07:14:41'),
(1530, 'C', '604', '2024-05-24 07:14:41'),
(1531, 'T', '24.1', '2024-05-24 07:16:53'),
(1532, 'H', '46', '2024-05-24 07:16:53'),
(1533, 'C', '622', '2024-05-24 07:16:53'),
(1534, 'T', '24.1', '2024-05-24 07:19:05'),
(1535, 'H', '46', '2024-05-24 07:19:05'),
(1536, 'C', '621', '2024-05-24 07:19:05'),
(1537, 'T', '24.1', '2024-05-24 07:21:17'),
(1538, 'H', '46', '2024-05-24 07:21:17'),
(1539, 'C', '615', '2024-05-24 07:21:17'),
(1540, 'T', '24.1', '2024-05-24 07:23:29'),
(1541, 'H', '46', '2024-05-24 07:23:29'),
(1542, 'C', '628', '2024-05-24 07:23:29'),
(1543, 'T', '24.1', '2024-05-24 07:25:41'),
(1544, 'H', '47', '2024-05-24 07:25:41'),
(1545, 'C', '631', '2024-05-24 07:25:41'),
(1546, 'T', '24.2', '2024-05-24 07:27:53'),
(1547, 'H', '47', '2024-05-24 07:27:53'),
(1548, 'C', '634', '2024-05-24 07:27:53'),
(1549, 'T', '24.2', '2024-05-24 07:30:05'),
(1550, 'H', '47', '2024-05-24 07:30:05'),
(1551, 'C', '635', '2024-05-24 07:30:05'),
(1552, 'T', '24.2', '2024-05-24 07:32:17'),
(1553, 'H', '46', '2024-05-24 07:32:17'),
(1554, 'C', '623', '2024-05-24 07:32:17'),
(1555, 'T', '24.2', '2024-05-24 07:34:29'),
(1556, 'H', '46', '2024-05-24 07:34:29'),
(1557, 'C', '605', '2024-05-24 07:34:29'),
(1558, 'T', '24.2', '2024-05-24 07:36:40'),
(1559, 'H', '46', '2024-05-24 07:36:40'),
(1560, 'C', '619', '2024-05-24 07:36:40'),
(1561, 'T', '24.2', '2024-05-24 07:38:52'),
(1562, 'H', '47', '2024-05-24 07:38:52'),
(1563, 'C', '640', '2024-05-24 07:38:52'),
(1564, 'T', '24.2', '2024-05-24 07:41:04'),
(1565, 'H', '47', '2024-05-24 07:41:04'),
(1566, 'C', '621', '2024-05-24 07:41:04'),
(1567, 'T', '24.3', '2024-05-24 07:43:16'),
(1568, 'H', '47', '2024-05-24 07:43:16'),
(1569, 'C', '651', '2024-05-24 07:43:16'),
(1570, 'T', '24.3', '2024-05-24 07:45:28'),
(1571, 'H', '47', '2024-05-24 07:45:28'),
(1572, 'C', '671', '2024-05-24 07:45:28'),
(1573, 'T', '24.3', '2024-05-24 07:47:40'),
(1574, 'H', '47', '2024-05-24 07:47:40'),
(1575, 'C', '654', '2024-05-24 07:47:40'),
(1576, 'T', '24.3', '2024-05-24 07:49:52'),
(1577, 'H', '46', '2024-05-24 07:49:52'),
(1578, 'C', '624', '2024-05-24 07:49:52'),
(1579, 'T', '24.2', '2024-05-24 07:52:04'),
(1580, 'H', '46', '2024-05-24 07:52:04'),
(1581, 'C', '589', '2024-05-24 07:52:04'),
(1582, 'T', '24', '2024-05-24 07:54:16'),
(1583, 'H', '47', '2024-05-24 07:54:16'),
(1584, 'C', '652', '2024-05-24 07:54:16'),
(1585, 'T', '24', '2024-05-24 07:56:27'),
(1586, 'H', '46', '2024-05-24 07:56:27'),
(1587, 'C', '541', '2024-05-24 07:56:27'),
(1588, 'T', '23.9', '2024-05-24 07:58:39'),
(1589, 'H', '46', '2024-05-24 07:58:39'),
(1590, 'C', '525', '2024-05-24 07:58:39'),
(1591, 'T', '23.7', '2024-05-24 08:00:51'),
(1592, 'H', '47', '2024-05-24 08:00:51'),
(1593, 'C', '549', '2024-05-24 08:00:51'),
(1594, 'T', '23.7', '2024-05-24 08:03:03'),
(1595, 'H', '47', '2024-05-24 08:03:03'),
(1596, 'C', '548', '2024-05-24 08:03:03'),
(1597, 'T', '23.7', '2024-05-24 08:05:15'),
(1598, 'H', '48', '2024-05-24 08:05:15'),
(1599, 'C', '645', '2024-05-24 08:05:15'),
(1600, 'T', '23.7', '2024-05-24 08:07:27'),
(1601, 'H', '48', '2024-05-24 08:07:27'),
(1602, 'C', '693', '2024-05-24 08:07:27'),
(1603, 'T', '23.8', '2024-05-24 08:09:39'),
(1604, 'H', '49', '2024-05-24 08:09:39'),
(1605, 'C', '748', '2024-05-24 08:09:39'),
(1606, 'T', '23.9', '2024-05-24 08:11:51'),
(1607, 'H', '49', '2024-05-24 08:11:51'),
(1608, 'C', '787', '2024-05-24 08:11:51'),
(1609, 'T', '23.9', '2024-05-24 08:14:03'),
(1610, 'H', '49', '2024-05-24 08:14:03'),
(1611, 'C', '744', '2024-05-24 08:14:03'),
(1612, 'T', '23.9', '2024-05-24 08:16:14'),
(1613, 'H', '48', '2024-05-24 08:16:14'),
(1614, 'C', '668', '2024-05-24 08:16:14'),
(1615, 'T', '23.8', '2024-05-24 08:18:26'),
(1616, 'H', '48', '2024-05-24 08:18:26'),
(1617, 'C', '690', '2024-05-24 08:18:26'),
(1618, 'T', '23.8', '2024-05-24 08:20:38'),
(1619, 'H', '49', '2024-05-24 08:20:38'),
(1620, 'C', '689', '2024-05-24 08:20:38'),
(1621, 'T', '23.8', '2024-05-24 08:22:50'),
(1622, 'H', '49', '2024-05-24 08:22:50'),
(1623, 'C', '770', '2024-05-24 08:22:50'),
(1624, 'T', '23.9', '2024-05-24 08:25:02'),
(1625, 'H', '49', '2024-05-24 08:25:02'),
(1626, 'C', '747', '2024-05-24 08:25:02'),
(1627, 'T', '23.9', '2024-05-24 08:27:14'),
(1628, 'H', '49', '2024-05-24 08:27:14'),
(1629, 'C', '731', '2024-05-24 08:27:14'),
(1630, 'T', '23.9', '2024-05-24 08:29:26'),
(1631, 'H', '48', '2024-05-24 08:29:26'),
(1632, 'C', '612', '2024-05-24 08:29:26'),
(1633, 'T', '23.9', '2024-05-24 08:31:38'),
(1634, 'H', '48', '2024-05-24 08:31:38'),
(1635, 'C', '631', '2024-05-24 08:31:38'),
(1636, 'T', '23.9', '2024-05-24 08:33:50'),
(1637, 'H', '48', '2024-05-24 08:33:50'),
(1638, 'C', '642', '2024-05-24 08:33:50'),
(1639, 'T', '23.9', '2024-05-24 08:36:01'),
(1640, 'H', '48', '2024-05-24 08:36:01'),
(1641, 'C', '645', '2024-05-24 08:36:01'),
(1642, 'T', '23.9', '2024-05-24 08:38:13'),
(1643, 'H', '48', '2024-05-24 08:38:13'),
(1644, 'C', '656', '2024-05-24 08:38:13'),
(1645, 'T', '24', '2024-05-24 08:40:25'),
(1646, 'H', '48', '2024-05-24 08:40:25'),
(1647, 'C', '628', '2024-05-24 08:40:25'),
(1648, 'T', '23.9', '2024-05-24 08:42:37'),
(1649, 'H', '48', '2024-05-24 08:42:37'),
(1650, 'C', '667', '2024-05-24 08:42:37'),
(1651, 'T', '24', '2024-05-24 08:44:49'),
(1652, 'H', '48', '2024-05-24 08:44:49'),
(1653, 'C', '596', '2024-05-24 08:44:49'),
(1654, 'T', '23.8', '2024-05-24 08:47:01'),
(1655, 'H', '47', '2024-05-24 08:47:01'),
(1656, 'C', '533', '2024-05-24 08:47:01'),
(1657, 'T', '23.7', '2024-05-24 08:49:13'),
(1658, 'H', '47', '2024-05-24 08:49:13'),
(1659, 'C', '525', '2024-05-24 08:49:13'),
(1660, 'T', '23.5', '2024-05-24 08:51:25'),
(1661, 'H', '48', '2024-05-24 08:51:25'),
(1662, 'C', '517', '2024-05-24 08:51:25'),
(1663, 'T', '23.5', '2024-05-24 08:53:37'),
(1664, 'H', '48', '2024-05-24 08:53:37'),
(1665, 'C', '496', '2024-05-24 08:53:37'),
(1666, 'T', '23.5', '2024-05-24 08:55:49'),
(1667, 'H', '47', '2024-05-24 08:55:49'),
(1668, 'C', '498', '2024-05-24 08:55:49'),
(1669, 'T', '23.5', '2024-05-24 08:58:00'),
(1670, 'H', '47', '2024-05-24 08:58:00'),
(1671, 'C', '477', '2024-05-24 08:58:00'),
(1672, 'T', '23.5', '2024-05-24 09:00:12'),
(1673, 'H', '47', '2024-05-24 09:00:12'),
(1674, 'C', '481', '2024-05-24 09:00:12'),
(1675, 'T', '23.5', '2024-05-24 09:02:24'),
(1676, 'H', '47', '2024-05-24 09:02:24'),
(1677, 'C', '471', '2024-05-24 09:02:24'),
(1678, 'T', '23.5', '2024-05-24 09:04:36'),
(1679, 'H', '47', '2024-05-24 09:04:36'),
(1680, 'C', '479', '2024-05-24 09:04:36'),
(1681, 'T', '23.5', '2024-05-24 09:06:48'),
(1682, 'H', '47', '2024-05-24 09:06:48'),
(1683, 'C', '472', '2024-05-24 09:06:48'),
(1684, 'T', '23.5', '2024-05-24 09:09:00'),
(1685, 'H', '47', '2024-05-24 09:09:00'),
(1686, 'C', '471', '2024-05-24 09:09:00'),
(1687, 'T', '23.5', '2024-05-24 09:11:12'),
(1688, 'H', '47', '2024-05-24 09:11:12'),
(1689, 'C', '459', '2024-05-24 09:11:12'),
(1690, 'T', '23.5', '2024-05-24 09:13:24'),
(1691, 'H', '47', '2024-05-24 09:13:24'),
(1692, 'C', '446', '2024-05-24 09:13:24'),
(1693, 'T', '23.5', '2024-05-24 09:15:36'),
(1694, 'H', '47', '2024-05-24 09:15:36'),
(1695, 'C', '450', '2024-05-24 09:15:36'),
(1696, 'T', '23.5', '2024-05-24 09:17:47'),
(1697, 'H', '47', '2024-05-24 09:17:47'),
(1698, 'C', '444', '2024-05-24 09:17:47'),
(1699, 'T', '23.5', '2024-05-24 09:19:59'),
(1700, 'H', '46', '2024-05-24 09:19:59'),
(1701, 'C', '437', '2024-05-24 09:19:59'),
(1705, 'T', '23.4', '2024-05-24 09:25:12'),
(1706, 'H', '46', '2024-05-24 09:25:12'),
(1707, 'C', '425', '2024-05-24 09:25:12'),
(1708, 'T', '23.3', '2024-05-24 09:27:24'),
(1709, 'H', '46', '2024-05-24 09:27:24'),
(1710, 'C', '427', '2024-05-24 09:27:24'),
(1711, 'T', '23.4', '2024-05-24 09:29:36'),
(1712, 'H', '46', '2024-05-24 09:29:36'),
(1713, 'C', '430', '2024-05-24 09:29:36'),
(1714, 'T', '23.4', '2024-05-24 09:31:48'),
(1715, 'H', '47', '2024-05-24 09:31:48'),
(1716, 'C', '481', '2024-05-24 09:31:48'),
(1717, 'T', '23.5', '2024-05-24 09:34:00'),
(1718, 'H', '47', '2024-05-24 09:34:00'),
(1719, 'C', '487', '2024-05-24 09:34:00'),
(1720, 'T', '23.5', '2024-05-24 09:36:12'),
(1721, 'H', '47', '2024-05-24 09:36:12'),
(1722, 'C', '513', '2024-05-24 09:36:12'),
(1723, 'T', '23.5', '2024-05-24 09:38:24'),
(1724, 'H', '47', '2024-05-24 09:38:24'),
(1725, 'C', '578', '2024-05-24 09:38:24'),
(1726, 'T', '23.6', '2024-05-24 09:40:36'),
(1727, 'H', '47', '2024-05-24 09:40:36'),
(1728, 'C', '555', '2024-05-24 09:40:36'),
(1729, 'T', '23.6', '2024-05-24 09:42:47'),
(1730, 'H', '47', '2024-05-24 09:42:47'),
(1731, 'C', '552', '2024-05-24 09:42:47'),
(1732, 'T', '23.7', '2024-05-24 09:44:59'),
(1733, 'H', '46', '2024-05-24 09:44:59'),
(1734, 'C', '522', '2024-05-24 09:44:59'),
(1735, 'T', '23.6', '2024-05-24 09:47:11'),
(1736, 'H', '46', '2024-05-24 09:47:11'),
(1737, 'C', '535', '2024-05-24 09:47:11'),
(1738, 'T', '23.7', '2024-05-24 09:49:23'),
(1739, 'H', '47', '2024-05-24 09:49:23'),
(1740, 'C', '583', '2024-05-24 09:49:23'),
(1741, 'T', '23.8', '2024-05-24 09:51:35'),
(1742, 'H', '47', '2024-05-24 09:51:35'),
(1743, 'C', '541', '2024-05-24 09:51:35'),
(1744, 'T', '23.7', '2024-05-24 09:53:47'),
(1745, 'H', '46', '2024-05-24 09:53:47'),
(1746, 'C', '510', '2024-05-24 09:53:47'),
(1747, 'T', '23.6', '2024-05-24 09:55:59'),
(1748, 'H', '46', '2024-05-24 09:55:59'),
(1749, 'C', '467', '2024-05-24 09:55:59'),
(1750, 'T', '23.6', '2024-05-24 09:58:11'),
(1751, 'H', '46', '2024-05-24 09:58:11'),
(1752, 'C', '484', '2024-05-24 09:58:11'),
(1753, 'T', '23.5', '2024-05-24 10:00:23'),
(1754, 'H', '46', '2024-05-24 10:00:23'),
(1755, 'C', '504', '2024-05-24 10:00:23'),
(1756, 'T', '23.4', '2024-05-24 10:02:34'),
(1757, 'H', '46', '2024-05-24 10:02:34'),
(1758, 'C', '474', '2024-05-24 10:02:34'),
(1759, 'T', '23.4', '2024-05-24 10:04:46'),
(1760, 'H', '45', '2024-05-24 10:04:46'),
(1761, 'C', '457', '2024-05-24 10:04:46'),
(1762, 'T', '23.4', '2024-05-24 10:06:58'),
(1763, 'H', '45', '2024-05-24 10:06:58'),
(1764, 'C', '449', '2024-05-24 10:06:58'),
(1765, 'T', '23.4', '2024-05-24 10:09:10'),
(1766, 'H', '45', '2024-05-24 10:09:10'),
(1767, 'C', '492', '2024-05-24 10:09:10'),
(1768, 'T', '23.5', '2024-05-24 10:11:22'),
(1769, 'H', '46', '2024-05-24 10:11:22'),
(1770, 'C', '538', '2024-05-24 10:11:22'),
(1771, 'T', '23.6', '2024-05-24 10:13:34'),
(1772, 'H', '46', '2024-05-24 10:13:34'),
(1773, 'C', '515', '2024-05-24 10:13:34'),
(1774, 'T', '23.6', '2024-05-24 10:15:46'),
(1775, 'H', '46', '2024-05-24 10:15:46'),
(1776, 'C', '489', '2024-05-24 10:15:46'),
(1777, 'T', '23.5', '2024-05-24 10:17:58'),
(1778, 'H', '46', '2024-05-24 10:17:58'),
(1779, 'C', '491', '2024-05-24 10:17:58'),
(1780, 'T', '23.5', '2024-05-24 10:20:10'),
(1781, 'H', '45', '2024-05-24 10:20:10'),
(1782, 'C', '480', '2024-05-24 10:20:10'),
(1783, 'T', '23.5', '2024-05-24 10:22:21'),
(1784, 'H', '45', '2024-05-24 10:22:21'),
(1785, 'C', '460', '2024-05-24 10:22:21'),
(1786, 'T', '23.5', '2024-05-24 10:24:33'),
(1787, 'H', '45', '2024-05-24 10:24:33'),
(1788, 'C', '496', '2024-05-24 10:24:33'),
(1789, 'T', '23.6', '2024-05-24 10:26:45'),
(1790, 'H', '45', '2024-05-24 10:26:45'),
(1791, 'C', '562', '2024-05-24 10:26:45'),
(1792, 'T', '23.7', '2024-05-24 10:28:57'),
(1793, 'H', '46', '2024-05-24 10:28:57'),
(1794, 'C', '536', '2024-05-24 10:28:57'),
(1795, 'T', '23.7', '2024-05-24 10:31:09'),
(1796, 'H', '46', '2024-05-24 10:31:09'),
(1797, 'C', '599', '2024-05-24 10:31:09'),
(1798, 'T', '23.8', '2024-05-24 10:33:21'),
(1799, 'H', '45', '2024-05-24 10:33:21'),
(1800, 'C', '537', '2024-05-24 10:33:21'),
(1801, 'T', '23.8', '2024-05-24 10:35:33'),
(1802, 'H', '45', '2024-05-24 10:35:33'),
(1803, 'C', '573', '2024-05-24 10:35:33'),
(1804, 'T', '23.8', '2024-05-24 10:37:45'),
(1805, 'H', '45', '2024-05-24 10:37:45'),
(1806, 'C', '542', '2024-05-24 10:37:45'),
(1807, 'T', '23.8', '2024-05-24 10:39:57'),
(1808, 'H', '45', '2024-05-24 10:39:57'),
(1809, 'C', '550', '2024-05-24 10:39:57'),
(1810, 'T', '23.8', '2024-05-24 10:42:09'),
(1811, 'H', '45', '2024-05-24 10:42:09'),
(1812, 'C', '539', '2024-05-24 10:42:09'),
(1813, 'T', '23.8', '2024-05-24 10:44:20'),
(1814, 'H', '45', '2024-05-24 10:44:20'),
(1815, 'C', '542', '2024-05-24 10:44:20'),
(1816, 'T', '23.8', '2024-05-24 10:46:32'),
(1817, 'H', '45', '2024-05-24 10:46:32'),
(1818, 'C', '537', '2024-05-24 10:46:32'),
(1819, 'T', '23.8', '2024-05-24 10:48:44'),
(1820, 'H', '45', '2024-05-24 10:48:44'),
(1821, 'C', '549', '2024-05-24 10:48:44'),
(1822, 'T', '23.9', '2024-05-24 10:50:56'),
(1823, 'H', '45', '2024-05-24 10:50:56'),
(1824, 'C', '536', '2024-05-24 10:50:56'),
(1825, 'T', '23.9', '2024-05-24 10:53:08'),
(1826, 'H', '45', '2024-05-24 10:53:08'),
(1827, 'C', '525', '2024-05-24 10:53:08'),
(1828, 'T', '23.9', '2024-05-24 10:55:20'),
(1829, 'H', '45', '2024-05-24 10:55:20'),
(1830, 'C', '590', '2024-05-24 10:55:20'),
(1831, 'T', '23.9', '2024-05-24 10:57:32'),
(1832, 'H', '44', '2024-05-24 10:57:32'),
(1833, 'C', '483', '2024-05-24 10:57:32'),
(1834, 'T', '23.9', '2024-05-24 10:59:44'),
(1835, 'H', '44', '2024-05-24 10:59:44'),
(1836, 'C', '490', '2024-05-24 10:59:44'),
(1837, 'T', '23.9', '2024-05-24 11:01:56'),
(1838, 'H', '44', '2024-05-24 11:01:56'),
(1839, 'C', '494', '2024-05-24 11:01:56'),
(1840, 'T', '23.9', '2024-05-24 11:04:07'),
(1841, 'H', '44', '2024-05-24 11:04:07'),
(1842, 'C', '548', '2024-05-24 11:04:07'),
(1843, 'T', '23.9', '2024-05-24 11:06:19'),
(1844, 'H', '44', '2024-05-24 11:06:19'),
(1845, 'C', '496', '2024-05-24 11:06:19'),
(1846, 'T', '23.9', '2024-05-24 11:08:31'),
(1847, 'H', '44', '2024-05-24 11:08:31'),
(1848, 'C', '482', '2024-05-24 11:08:31'),
(1849, 'T', '23.8', '2024-05-24 11:10:43'),
(1850, 'H', '44', '2024-05-24 11:10:43'),
(1851, 'C', '484', '2024-05-24 11:10:43'),
(1852, 'T', '23.7', '2024-05-24 11:12:55'),
(1853, 'H', '44', '2024-05-24 11:12:55'),
(1854, 'C', '490', '2024-05-24 11:12:55'),
(1855, 'T', '23.7', '2024-05-24 11:15:07'),
(1856, 'H', '44', '2024-05-24 11:15:07'),
(1857, 'C', '511', '2024-05-24 11:15:07'),
(1858, 'T', '23.7', '2024-05-24 11:17:19'),
(1859, 'H', '43', '2024-05-24 11:17:19'),
(1860, 'C', '455', '2024-05-24 11:17:19'),
(1861, 'T', '23.6', '2024-05-24 11:19:31'),
(1862, 'H', '43', '2024-05-24 11:19:31'),
(1863, 'C', '446', '2024-05-24 11:19:31'),
(1864, 'T', '23.6', '2024-05-24 11:21:43'),
(1865, 'H', '43', '2024-05-24 11:21:43'),
(1866, 'C', '460', '2024-05-24 11:21:43'),
(1867, 'T', '23.6', '2024-05-24 11:23:54'),
(1868, 'H', '43', '2024-05-24 11:23:54'),
(1869, 'C', '468', '2024-05-24 11:23:54'),
(1870, 'T', '23.7', '2024-05-24 11:26:06'),
(1871, 'H', '43', '2024-05-24 11:26:06'),
(1872, 'C', '507', '2024-05-24 11:26:06'),
(1873, 'T', '23.7', '2024-05-24 11:28:18'),
(1874, 'H', '43', '2024-05-24 11:28:18'),
(1875, 'C', '506', '2024-05-24 11:28:18'),
(1876, 'T', '23.7', '2024-05-24 11:30:30'),
(1877, 'H', '44', '2024-05-24 11:30:30'),
(1878, 'C', '529', '2024-05-24 11:30:30'),
(1879, 'T', '23.8', '2024-05-24 11:32:42'),
(1880, 'H', '44', '2024-05-24 11:32:42'),
(1881, 'C', '562', '2024-05-24 11:32:42'),
(1882, 'T', '23.9', '2024-05-24 11:34:54'),
(1883, 'H', '43', '2024-05-24 11:34:54'),
(1884, 'C', '529', '2024-05-24 11:34:54'),
(1885, 'T', '23.9', '2024-05-24 11:37:06'),
(1886, 'H', '43', '2024-05-24 11:37:06'),
(1887, 'C', '529', '2024-05-24 11:37:06'),
(1888, 'T', '24', '2024-05-24 11:39:18'),
(1889, 'H', '43', '2024-05-24 11:39:18'),
(1890, 'C', '575', '2024-05-24 11:39:18'),
(1891, 'T', '24.1', '2024-05-24 11:41:30'),
(1892, 'H', '43', '2024-05-24 11:41:30'),
(1893, 'C', '604', '2024-05-24 11:41:30'),
(1894, 'T', '24.1', '2024-05-24 11:43:41'),
(1895, 'H', '43', '2024-05-24 11:43:42'),
(1896, 'C', '587', '2024-05-24 11:43:42'),
(1897, 'T', '24.2', '2024-05-24 11:45:53'),
(1898, 'H', '43', '2024-05-24 11:45:53'),
(1899, 'C', '604', '2024-05-24 11:45:53'),
(1900, 'T', '24.2', '2024-05-24 11:48:05'),
(1901, 'H', '43', '2024-05-24 11:48:05'),
(1902, 'C', '603', '2024-05-24 11:48:05'),
(1903, 'T', '24.2', '2024-05-24 11:50:17'),
(1904, 'H', '43', '2024-05-24 11:50:17'),
(1905, 'C', '623', '2024-05-24 11:50:17'),
(1906, 'T', '24.3', '2024-05-24 11:52:29'),
(1907, 'H', '42', '2024-05-24 11:52:29'),
(1908, 'C', '591', '2024-05-24 11:52:29'),
(1909, 'T', '24.3', '2024-05-24 11:54:41'),
(1910, 'H', '43', '2024-05-24 11:54:41'),
(1911, 'C', '597', '2024-05-24 11:54:41'),
(1912, 'T', '24.3', '2024-05-24 11:56:53'),
(1913, 'H', '43', '2024-05-24 11:56:53'),
(1914, 'C', '602', '2024-05-24 11:56:53'),
(1915, 'T', '24.3', '2024-05-24 11:59:05'),
(1916, 'H', '43', '2024-05-24 11:59:05'),
(1917, 'C', '634', '2024-05-24 11:59:05'),
(1918, 'T', '24.4', '2024-05-24 12:01:17'),
(1919, 'H', '43', '2024-05-24 12:01:17'),
(1920, 'C', '614', '2024-05-24 12:01:17'),
(1921, 'T', '24.5', '2024-05-24 12:03:29'),
(1922, 'H', '43', '2024-05-24 12:03:29'),
(1923, 'C', '616', '2024-05-24 12:03:29'),
(1924, 'T', '24.5', '2024-05-24 12:05:40'),
(1925, 'H', '43', '2024-05-24 12:05:40'),
(1926, 'C', '609', '2024-05-24 12:05:40'),
(1927, 'T', '24.5', '2024-05-24 12:07:52'),
(1928, 'H', '43', '2024-05-24 12:07:52'),
(1929, 'C', '594', '2024-05-24 12:07:52'),
(1930, 'T', '24.4', '2024-05-24 12:10:04'),
(1931, 'H', '43', '2024-05-24 12:10:04'),
(1932, 'C', '574', '2024-05-24 12:10:04'),
(1933, 'T', '24.4', '2024-05-24 12:12:16'),
(1934, 'H', '43', '2024-05-24 12:12:16'),
(1935, 'C', '578', '2024-05-24 12:12:16'),
(1936, 'T', '24.4', '2024-05-24 12:14:28'),
(1937, 'H', '43', '2024-05-24 12:14:28'),
(1938, 'C', '570', '2024-05-24 12:14:28'),
(1939, 'T', '24.4', '2024-05-24 12:16:40'),
(1940, 'H', '43', '2024-05-24 12:16:40'),
(1941, 'C', '553', '2024-05-24 12:16:40'),
(1942, 'T', '24.4', '2024-05-24 12:18:52'),
(1943, 'H', '43', '2024-05-24 12:18:52'),
(1944, 'C', '560', '2024-05-24 12:18:52'),
(1945, 'T', '24.4', '2024-05-24 12:21:04'),
(1946, 'H', '43', '2024-05-24 12:21:04'),
(1947, 'C', '563', '2024-05-24 12:21:04'),
(1948, 'T', '24.4', '2024-05-24 12:23:16'),
(1949, 'H', '43', '2024-05-24 12:23:16'),
(1950, 'C', '579', '2024-05-24 12:23:16'),
(1951, 'T', '24.4', '2024-05-24 12:25:27'),
(1952, 'H', '42', '2024-05-24 12:25:27'),
(1953, 'C', '543', '2024-05-24 12:25:27'),
(1954, 'T', '24.4', '2024-05-24 12:27:39'),
(1955, 'H', '42', '2024-05-24 12:27:39'),
(1956, 'C', '557', '2024-05-24 12:27:39'),
(1957, 'T', '24.4', '2024-05-24 12:29:51'),
(1958, 'H', '42', '2024-05-24 12:29:51'),
(1959, 'C', '546', '2024-05-24 12:29:51'),
(1960, 'T', '24.4', '2024-05-24 12:32:03'),
(1961, 'H', '43', '2024-05-24 12:32:03'),
(1962, 'C', '581', '2024-05-24 12:32:03'),
(1963, 'T', '24.5', '2024-05-24 12:34:15'),
(1964, 'H', '42', '2024-05-24 12:34:15'),
(1965, 'C', '511', '2024-05-24 12:34:15'),
(1966, 'T', '24.4', '2024-05-24 12:36:27'),
(1967, 'H', '42', '2024-05-24 12:36:27'),
(1968, 'C', '499', '2024-05-24 12:36:27'),
(1969, 'T', '24.3', '2024-05-24 12:38:39'),
(1970, 'H', '42', '2024-05-24 12:38:39'),
(1971, 'C', '490', '2024-05-24 12:38:39'),
(1972, 'T', '24.2', '2024-05-24 12:40:51'),
(1973, 'H', '42', '2024-05-24 12:40:51'),
(1974, 'C', '493', '2024-05-24 12:40:51'),
(1975, 'T', '24.2', '2024-05-24 12:43:03'),
(1976, 'H', '43', '2024-05-24 12:43:03'),
(1977, 'C', '537', '2024-05-24 12:43:03'),
(1978, 'T', '24.4', '2024-05-24 12:45:14'),
(1979, 'H', '43', '2024-05-24 12:45:14'),
(1980, 'C', '537', '2024-05-24 12:45:14'),
(1981, 'T', '24.5', '2024-05-24 12:47:26'),
(1982, 'H', '43', '2024-05-24 12:47:26'),
(1983, 'C', '586', '2024-05-24 12:47:26'),
(1984, 'T', '24.6', '2024-05-24 12:49:38'),
(1985, 'H', '43', '2024-05-24 12:49:38'),
(1986, 'C', '583', '2024-05-24 12:49:38'),
(1987, 'T', '24.7', '2024-05-24 12:51:50'),
(1988, 'H', '43', '2024-05-24 12:51:50'),
(1989, 'C', '614', '2024-05-24 12:51:50'),
(1990, 'T', '24.8', '2024-05-24 12:54:02'),
(1991, 'H', '43', '2024-05-24 12:54:02'),
(1992, 'C', '599', '2024-05-24 12:54:02'),
(1993, 'T', '24.9', '2024-05-24 12:56:14'),
(1994, 'H', '43', '2024-05-24 12:56:14'),
(1995, 'C', '641', '2024-05-24 12:56:14'),
(1996, 'T', '24.9', '2024-05-24 12:58:26'),
(1997, 'H', '43', '2024-05-24 12:58:26'),
(1998, 'C', '653', '2024-05-24 12:58:26'),
(1999, 'T', '25', '2024-05-24 13:00:38'),
(2000, 'H', '43', '2024-05-24 13:00:38'),
(2001, 'C', '659', '2024-05-24 13:00:38'),
(2002, 'T', '25', '2024-05-24 13:02:50'),
(2003, 'H', '43', '2024-05-24 13:02:50'),
(2004, 'C', '688', '2024-05-24 13:02:50'),
(2005, 'T', '25.1', '2024-05-24 13:05:02'),
(2006, 'H', '43', '2024-05-24 13:05:02'),
(2007, 'C', '721', '2024-05-24 13:05:02'),
(2008, 'T', '25.2', '2024-05-24 13:07:13'),
(2009, 'H', '43', '2024-05-24 13:07:13'),
(2010, 'C', '721', '2024-05-24 13:07:13'),
(2011, 'T', '25.3', '2024-05-24 13:09:25'),
(2012, 'H', '43', '2024-05-24 13:09:25'),
(2013, 'C', '722', '2024-05-24 13:09:25'),
(2014, 'T', '25.3', '2024-05-24 13:11:37'),
(2015, 'H', '43', '2024-05-24 13:11:37'),
(2016, 'C', '772', '2024-05-24 13:11:37'),
(2017, 'T', '25.4', '2024-05-24 13:13:49'),
(2018, 'H', '43', '2024-05-24 13:13:49'),
(2019, 'C', '736', '2024-05-24 13:13:49'),
(2020, 'T', '25.4', '2024-05-24 13:16:01'),
(2021, 'H', '43', '2024-05-24 13:16:01'),
(2022, 'C', '744', '2024-05-24 13:16:01'),
(2023, 'T', '25.4', '2024-05-24 13:18:13'),
(2024, 'H', '43', '2024-05-24 13:18:13'),
(2025, 'C', '741', '2024-05-24 13:18:13'),
(2026, 'T', '25.5', '2024-05-24 13:20:25'),
(2027, 'H', '43', '2024-05-24 13:20:25'),
(2028, 'C', '794', '2024-05-24 13:20:25'),
(2029, 'T', '25.5', '2024-05-24 13:22:37'),
(2030, 'H', '43', '2024-05-24 13:22:37'),
(2031, 'C', '778', '2024-05-24 13:22:37'),
(2032, 'T', '25.6', '2024-05-24 13:24:49'),
(2033, 'H', '43', '2024-05-24 13:24:49'),
(2034, 'C', '762', '2024-05-24 13:24:49');

-- --------------------------------------------------------

--
-- Structure de la table `SALLE`
--

CREATE TABLE `SALLE` (
  `ID_SALLE` char(1) NOT NULL,
  `LIBELLE_SALLE` char(40) DEFAULT NULL
) ENGINE=InnoDB DEFAULT CHARSET=utf8mb4 COLLATE=utf8mb4_general_ci;

--
-- Déchargement des données de la table `SALLE`
--

INSERT INTO `SALLE` (`ID_SALLE`, `LIBELLE_SALLE`) VALUES
('A', 'Salle A'),
('B', 'Salle B'),
('C', 'Salle C');

-- --------------------------------------------------------

--
-- Structure de la table `TYPE_CAPTEUR`
--

CREATE TABLE `TYPE_CAPTEUR` (
  `ID_TYPE_CAPTEUR` char(2) NOT NULL,
  `LIBELLE_TYPE_CAPTEUR` char(40) DEFAULT NULL,
  `UNITE_DE_MESURE` char(3) NOT NULL
) ENGINE=InnoDB DEFAULT CHARSET=utf8mb4 COLLATE=utf8mb4_general_ci;

--
-- Déchargement des données de la table `TYPE_CAPTEUR`
--

INSERT INTO `TYPE_CAPTEUR` (`ID_TYPE_CAPTEUR`, `LIBELLE_TYPE_CAPTEUR`, `UNITE_DE_MESURE`) VALUES
('C', 'CO2', 'ppm'),
('H', 'humidité', '%'),
('T', 'température', '°C');

-- --------------------------------------------------------

--
-- Structure de la table `TYPE_USER`
--

CREATE TABLE `TYPE_USER` (
  `ID_TYPE_USER` char(1) NOT NULL,
  `LIBELLE_TYPE_USER` char(40) DEFAULT NULL
) ENGINE=InnoDB DEFAULT CHARSET=utf8mb4 COLLATE=utf8mb4_general_ci;

--
-- Déchargement des données de la table `TYPE_USER`
--

INSERT INTO `TYPE_USER` (`ID_TYPE_USER`, `LIBELLE_TYPE_USER`) VALUES
('A', 'Administrateur'),
('I', 'Ingenieur'),
('T', 'Technicien');

-- --------------------------------------------------------

--
-- Structure de la table `USER`
--

CREATE TABLE `USER` (
  `ID` int(11) NOT NULL,
  `FIRSTNAME` varchar(40) NOT NULL,
  `LASTNAME` varchar(40) NOT NULL,
  `LOGIN` varchar(50) NOT NULL,
  `EMAIL` varchar(50) NOT NULL,
  `PASSWORD` varchar(255) NOT NULL,
  `ID_TYPE_USER` varchar(1) NOT NULL
) ENGINE=InnoDB DEFAULT CHARSET=utf8mb4 COLLATE=utf8mb4_general_ci;

--
-- Déchargement des données de la table `USER`
--

INSERT INTO `USER` (`ID`, `FIRSTNAME`, `LASTNAME`, `LOGIN`, `EMAIL`, `PASSWORD`, `ID_TYPE_USER`) VALUES
(1, 'Quentin', 'Delos', 'quentin.delos', 'delosquentin@gmail.com', '$2y$10$CiELrbyP7FemSb9mYn5hz.zbM1Lx3cbfis5EjnB.62WV2F2Fibls.', 'A'),
(2, 'Redwan', 'Azarfane', 'redwan.azarfane', 'azarfane.red1@gmail.com', '$2y$10$KfwRVF4g/mVFoA.YVD8Xk.pvzjxtteLU7AohBopt4iu9Cg6pwqySK', 'A'),
(3, 'Nicolas', 'Legal', 'nicolas.legal', 'tesfgfgfgfg@gmail.com', '$2y$10$UDqTySn3sIAeXvxvqH5vfeZwaRoGEvJ.zj6y1VHdH6veys5ilZVP6', 'I');

--
-- Index pour les tables déchargées
--

--
-- Index pour la table `CAPTEUR`
--
ALTER TABLE `CAPTEUR`
  ADD PRIMARY KEY (`ID_CAPTEUR`),
  ADD UNIQUE KEY `CAPTEUR_PK` (`ID_CAPTEUR`);

--
-- Index pour la table `SALLE`
--
ALTER TABLE `SALLE`
  ADD PRIMARY KEY (`ID_SALLE`),
  ADD UNIQUE KEY `SALLE_PK` (`ID_SALLE`);

--
-- Index pour la table `TYPE_CAPTEUR`
--
ALTER TABLE `TYPE_CAPTEUR`
  ADD PRIMARY KEY (`ID_TYPE_CAPTEUR`),
  ADD UNIQUE KEY `TYPE_CAPTEUR_PK` (`ID_TYPE_CAPTEUR`);

--
-- Index pour la table `TYPE_USER`
--
ALTER TABLE `TYPE_USER`
  ADD PRIMARY KEY (`ID_TYPE_USER`),
  ADD UNIQUE KEY `TYPE_USER_PK` (`ID_TYPE_USER`);

--
-- Index pour la table `USER`
--
ALTER TABLE `USER`
  ADD PRIMARY KEY (`ID`);

--
-- AUTO_INCREMENT pour les tables déchargées
--

--
-- AUTO_INCREMENT pour la table `CAPTEUR`
--
ALTER TABLE `CAPTEUR`
  MODIFY `ID_CAPTEUR` bigint(10) NOT NULL AUTO_INCREMENT, AUTO_INCREMENT=2035;

--
-- AUTO_INCREMENT pour la table `USER`
--
ALTER TABLE `USER`
  MODIFY `ID` int(11) NOT NULL AUTO_INCREMENT, AUTO_INCREMENT=4;
COMMIT;

/*!40101 SET CHARACTER_SET_CLIENT=@OLD_CHARACTER_SET_CLIENT */;
/*!40101 SET CHARACTER_SET_RESULTS=@OLD_CHARACTER_SET_RESULTS */;
/*!40101 SET COLLATION_CONNECTION=@OLD_COLLATION_CONNECTION */;
